id,trigger,conditions,script,text,options,notes
# harpoon revenge and patrol enforcement,,,,,,
# harpoon: hitman contract,,,,,,
catchrelease_hitmanEncounter,BeginFleetEncounter,"$catchrelease_harpoonHitman score:1200
!$catchrelease_harpoonHitmanHailed","FleetDesc
HailPlayer",,,
catchrelease_hitmanHail,OpenCommLink,"$entity.catchrelease_harpoonHitman score:1600
!$entity.catchrelease_harpoonHitmanHailed
!$entity.catchrelease_harpoonHitmanClientGone","Highlight $entity.catchrelease_harpoonHitmanClient $entity.catchrelease_harpoonHitmanVictim $entity.catchrelease_harpoonHitmanOrigin $entity.catchrelease_harpoonHitmanOffence
$entity.catchrelease_harpoonHitmanHailed = true 30
$entity.ignorePlayerCommRequests = true 30","The officer on the screen is wearing an unmarked pressure suit. Your transponder record appears beside a damage report.

""$entity.catchrelease_harpoonHitmanVictim. $entity.catchrelease_harpoonHitmanOrigin. You hit them with $entity.catchrelease_harpoonHitmanOffence.""

The officer waits while your comms officer verifies the record.

""They've paid us to deal with you. Anything you'd like to say before we start?""","0:catchrelease_hitmanBribeAsk:Make a counteroffer
100:cutCommLinkNoText:Cut the comm link",
catchrelease_hitmanHailFromGrave,OpenCommLink,"$entity.catchrelease_harpoonHitman score:1610
!$entity.catchrelease_harpoonHitmanHailed
$entity.catchrelease_harpoonHitmanClientGone","Highlight $entity.catchrelease_harpoonHitmanClient $entity.catchrelease_harpoonHitmanVictim $entity.catchrelease_harpoonHitmanOrigin $entity.catchrelease_harpoonHitmanOffence
$entity.catchrelease_harpoonHitmanHailed = true 30
$entity.ignorePlayerCommRequests = true 30","The officer on the screen is wearing an unmarked pressure suit. Your transponder record appears beside a damage report.

""You hit $entity.catchrelease_harpoonHitmanVictim with $entity.catchrelease_harpoonHitmanOffence in $entity.catchrelease_harpoonHitmanOrigin. They hired us.""

Your comms officer points out that the client is no longer around to collect.

""Payment cleared before that happened. We still have a contract.""","0:catchrelease_hitmanBribeAsk:Make a counteroffer
100:cutCommLinkNoText:Cut the comm link",
catchrelease_hitmanBribeAskSel,DialogOptionSelected,$option == catchrelease_hitmanBribeAsk,"Highlight $entity.catchrelease_harpoonHitmanBribeDGS
DoCanAffordCheck $entity.catchrelease_harpoonHitmanBribe catchrelease_hitmanBribePay","The officer checks a clause in the contract.

""Cancellation, damages, legal fees. $entity.catchrelease_harpoonHitmanBribeDGS credits, paid now. We both walk away.""","catchrelease_hitmanBribePay:Pay $entity.catchrelease_harpoonHitmanBribeDGS credits
100:cutCommLinkNoText:Cut the comm link",
catchrelease_hitmanBribePaySel,DialogOptionSelected,$option == catchrelease_hitmanBribePay,"AddCredits -$entity.catchrelease_harpoonHitmanBribe
CatchReleaseCMD bribeHitman
FireAll CatchReleaseFleetResolutionOptions","The transfer clears. The officer closes your file.

""Contract cancelled. Try not to harpoon someone important, next time.""",,
,,,,,,
# shared fleet resolution menu,,,,,,
catchrelease_fleetResolutionOpt,CatchReleaseFleetResolutionOptions,,"SetShortcut catchrelease_fleetResolutionLeave ""ESCAPE""",,100:catchrelease_fleetResolutionLeave:Leave,
catchrelease_fleetResolutionLeaveSel,DialogOptionSelected,$option == catchrelease_fleetResolutionLeave,CatchReleaseCMD leaveEncounter,,,
,,,,,,
# harpoon: harpooned crew comms,,,,,,
catchrelease_harpoonedComms,OpenCommLink,"!$entity.catchrelease_fisherman
$entity.catchrelease_harpooned score:1100
!$entity.catchrelease_harpoonHostile
!$entity.isHostile","$menuState = fleetConvMain 0
FireAll PopulateOptions","Your call reaches a damage-control compartment. Someone reads out your transponder code.

""Is this yours?""

An image of the recovered harpoon head appears. Your comms officer confirms that it is fishing equipment.

""Yes, we'd worked that out. What were you trying to catch?""",,
catchrelease_harpoonedCommsHeg,OpenCommLink,"!$entity.catchrelease_fisherman
$faction.id == hegemony
$entity.catchrelease_harpooned score:1110
!$entity.catchrelease_harpoonHostile
!$entity.isHostile","$menuState = fleetConvMain 0
FireAll PopulateOptions","""Hegemony Navy. $PersonRank $personName.""

An incident report appears on your display.

""We've recovered your projectile. Naval Intelligence will examine it. You can apply for a receipt at a military office; quote the number on that report.""

$HeOrShe looks up.

""That isn't an invitation to come and collect it.""",,
catchrelease_harpoonedCommsTT,OpenCommLink,"!$entity.catchrelease_fisherman
$faction.id == tritachyon
$entity.catchrelease_harpooned score:1110
!$entity.catchrelease_harpoonHostile
!$entity.isHostile","$menuState = fleetConvMain 0
FireAll PopulateOptions","$PersonRank $personName has an invoice open.

""Repairs, operating time, removal and disposal. Legal is still deciding how to classify the projectile, but I don't expect that to reduce the amount.""

The invoice closes.

""They'll contact you.""",,
catchrelease_harpoonedCommsLC,OpenCommLink,"!$entity.catchrelease_fisherman
$faction.id == luddic_church
$entity.catchrelease_harpooned score:1110
!$entity.catchrelease_harpoonHostile
!$entity.isHostile","$menuState = fleetConvMain 0
FireAll PopulateOptions","$PersonRank $personName looks at the damage feed. Then at you. ""Whatever purpose that machine was built for, captain, this was not it.""",,
catchrelease_harpoonedCommsLP,OpenCommLink,"!$entity.catchrelease_fisherman
$faction.id == luddic_path
$entity.catchrelease_harpooned score:1110
!$entity.catchrelease_harpoonHostile
!$entity.isHostile","$menuState = fleetConvMain 0
FireAll PopulateOptions","The speaker has the recovered ROD head on the table behind them.

""Accident?"" They jab a finger toward it. ""You cast Moloch's iron through a ship full of Ludd's children and call it an accident?""

Someone off-screen shouts assent.

""Fire another. See what answer you get.""",,
catchrelease_harpoonedCommsPirate,OpenCommLink,"!$entity.catchrelease_fisherman
$faction.id == pirates
$entity.catchrelease_harpooned score:1110
!$entity.catchrelease_harpoonHostile
!$entity.isHostile","$menuState = fleetConvMain 0
FireAll PopulateOptions","$personName turns the recovered projectile toward the camera. ""You hooked us.""

The pirate grins despite everything. ""Actually hooked us."" Then the grin goes away. ""Don't do it again.""",,
catchrelease_harpoonedCommsDiktat,OpenCommLink,"!$entity.catchrelease_fisherman
$faction.id == sindrian_diktat
$entity.catchrelease_harpooned score:1110
!$entity.catchrelease_harpoonHostile
!$entity.isHostile","$menuState = fleetConvMain 0
FireAll PopulateOptions","""You fired on a vessel of the Sindrian Diktat.""

$PersonRank $personName checks the incident record.

""I am required to establish whether the act was deliberate. For your sake, I have entered it as an accident. Do not give me cause to amend that finding.""",,
catchrelease_harpoonedCommsLeague,OpenCommLink,"!$entity.catchrelease_fisherman
$faction.id == persean_league
$entity.catchrelease_harpooned score:1110
!$entity.catchrelease_harpoonHostile
!$entity.isHostile","$menuState = fleetConvMain 0
FireAll PopulateOptions","$PersonRank $personName is searching through a set of regulations.

""Negligent discharge, damage to an associated hull... there's a recovery-equipment provision somewhere.""

$HeOrShe gives up looking.

""I will find the appropriate charge, captain. Don't mistake a gap in the index for permission.""",,
catchrelease_harpoonedCommsIndie,OpenCommLink,"!$entity.catchrelease_fisherman
$faction.id == independent
$entity.catchrelease_harpooned score:1110
!$entity.catchrelease_harpoonHostile
!$entity.isHostile","$menuState = fleetConvMain 0
FireAll PopulateOptions","""You put a hole in us with fishing gear."" $personName rubs the bridge of $hisOrHer nose. ""I have to explain that sentence to a yardmaster.""",,
catchrelease_harpoonedCommsOther,OpenCommLink,"!$entity.catchrelease_fisherman
$entity.catchrelease_harpooned score:1050","ShowDefaultVisual
AddText ""The officer answering your call already has several complaints about your fleet. The harpoon is added to the list before you can explain it.""
EndConversation",,,
catchrelease_harpoonedCommsHostile,OpenCommLink,"!$entity.catchrelease_fisherman
$entity.catchrelease_harpooned score:1200
$entity.catchrelease_harpoonHostile","ShowDefaultVisual
AddText ""\""Again.\"" The channel closes.""
EndConversation",,,
catchrelease_harpoonedCommsHostileHeg,OpenCommLink,"!$entity.catchrelease_fisherman
$faction.id == hegemony
$entity.catchrelease_harpooned score:1210
$entity.catchrelease_harpoonHostile","ShowDefaultVisual
AddText ""\""Second discharge confirmed.\"" $PersonRank $personName sets the report aside. \""Engage.\""""
EndConversation",,,
catchrelease_harpoonedCommsHostileTT,OpenCommLink,"!$entity.catchrelease_fisherman
$faction.id == tritachyon
$entity.catchrelease_harpooned score:1210
$entity.catchrelease_harpoonHostile","ShowDefaultVisual
AddText ""\""Another deliberate strike.\"" $PersonRank $personName closes the claim. \""Security will handle this.\""""
EndConversation",,,
catchrelease_harpoonedCommsHostileLC,OpenCommLink,"!$entity.catchrelease_fisherman
$faction.id == luddic_church
$entity.catchrelease_harpooned score:1210
$entity.catchrelease_harpoonHostile","ShowDefaultVisual
AddText ""\""We asked you once to keep that machine from crewed hulls.\"" The officer folds their hands. \""You chose otherwise. We will keep it from them for you.\""""
EndConversation",,,
catchrelease_harpoonedCommsHostileLP,OpenCommLink,"!$entity.catchrelease_fisherman
$faction.id == luddic_path
$entity.catchrelease_harpooned score:1210
$entity.catchrelease_harpoonHostile","ShowDefaultVisual
EndConversation","The channel opens on shouting.

""Again? Again?""

The speaker points past the camera.

""Moloch's hook in your hands and you cast it at us twice?""

A voice behind them calls for weapons.

""No more words.""",,
catchrelease_harpoonedCommsHostilePirate,OpenCommLink,"!$entity.catchrelease_fisherman
$faction.id == pirates
$entity.catchrelease_harpooned score:1210
$entity.catchrelease_harpoonHostile","ShowDefaultVisual
AddText ""The recovered impact image remains open. \""Once was funny. Twice means I get to see what else comes off your ship.\""""
EndConversation",,,
catchrelease_harpoonedCommsHostileDiktat,OpenCommLink,"!$entity.catchrelease_fisherman
$faction.id == sindrian_diktat
$entity.catchrelease_harpooned score:1210
$entity.catchrelease_harpoonHostile","ShowDefaultVisual
AddText ""\""Deliberate, then.\"" The officer straightens. \""You have fired twice on a vessel of the Sindrian Diktat. We will answer in kind.\""""
EndConversation",,,
catchrelease_harpoonedCommsFleeing,OpenCommLink,"!$entity.catchrelease_fisherman
$entity.catchrelease_harpooned score:1250
$entity.catchrelease_harpoonFleeing","ShowDefaultVisual
AddText ""Your call connects to an empty chair. Someone off-screen is repeating a course order. The link drops before you can speak.""
CatchReleaseCMD leaveEncounter",,,
,,,,,,
# harpoon: patrol fine,,,,,,
catchrelease_patrolStop,BeginFleetEncounter,"$catchrelease_harpoonPatrol score:1100
!$catchrelease_harpoonPatrolDone
!$isHostile","$catchrelease_harpoonPatrolDone = true 30
MakeOtherFleetPreventDisengage catchreleasePatrol true 5
unset $ignorePlayerCommRequests
$catchrelease_fineConv = true 0
AddText ""You're being hailed by the $faction $otherShipOrFleet."" $faction.baseColor
OpenComms",,,
catchrelease_fineDemand,OpenCommLink,"$entity.catchrelease_fineConv score:1300
$entity.catchrelease_harpoonPatrol
!$entity.catchrelease_harpoonRepeat","SetTextHighlights $entity.catchrelease_harpoonFineDGS
FireAll CatchReleaseFineOptions","""We've received a damage claim against your fleet.""

$PersonRank $personName sends the report, with an image of the recovered harpoon head attached.

""$entity.catchrelease_harpoonFineDGS credits. Pay the repair and we'll record it as negligent discharge.""

$HeOrShe looks at the image again. ""Keep that thing pointed away from traffic.""",,
catchrelease_fineDemandHeg,OpenCommLink,"$faction.id == hegemony
$entity.catchrelease_fineConv score:1310
$entity.catchrelease_harpoonPatrol
!$entity.catchrelease_harpoonRepeat","SetTextHighlights $entity.catchrelease_harpoonFineDGS
FireAll CatchReleaseFineOptions","""Cut your drive, captain. We're following up a weapons-discharge report.""

$PersonRank $personName sends the assessed damages.

""$entity.catchrelease_harpoonFineDGS credits. You may settle it now as an accident. A further incident will be treated as a deliberate attack.""",,
catchrelease_fineDemandTT,OpenCommLink,"$faction.id == tritachyon
$entity.catchrelease_fineConv score:1310
$entity.catchrelease_harpoonPatrol
!$entity.catchrelease_harpoonRepeat","SetTextHighlights $entity.catchrelease_harpoonFineDGS
FireAll CatchReleaseFineOptions","""Tri-Tachyon property was damaged by your fleet. The repair assessment is complete.""

$PersonRank $personName sends the invoice.

""$entity.catchrelease_harpoonFineDGS credits, including recovery costs and lost operating time. Pay now and we can close the claim.""",,
catchrelease_fineDemandLC,OpenCommLink,"$faction.id == luddic_church
$entity.catchrelease_fineConv score:1310
$entity.catchrelease_harpoonPatrol
!$entity.catchrelease_harpoonRepeat","SetTextHighlights $entity.catchrelease_harpoonFineDGS
FireAll CatchReleaseFineOptions","""Peace be with you. Cut your drive.""

$PersonRank $personName looks at the damage report.

""You damaged a crewed vessel with equipment no prudent captain should point at one.""

""The repair is $entity.catchrelease_harpoonFineDGS credits.""

""Pay the people whose hull you opened.""",,
catchrelease_fineDemandLP,OpenCommLink,"$faction.id == luddic_path
$entity.catchrelease_fineConv score:1310
$entity.catchrelease_harpoonPatrol
!$entity.catchrelease_harpoonRepeat","SetTextHighlights $entity.catchrelease_harpoonFineDGS
FireAll CatchReleaseFineOptions","""You put Moloch's iron through a ship full of people and now you want this treated as an accident?""

The claim figure appears.

""$entity.catchrelease_harpoonFineDGS credits. Pay it.""

A finger jabs at the recovered-hardware image.

""Then throw that thing out an airlock.""",,
catchrelease_fineDemandPirate,OpenCommLink,"$faction.id == pirates
$entity.catchrelease_fineConv score:1310
$entity.catchrelease_harpoonPatrol
!$entity.catchrelease_harpoonRepeat","SetTextHighlights $entity.catchrelease_harpoonFineDGS
FireAll CatchReleaseFineOptions","""Hold up."" $PersonName grins. ""Word says you put a fishing harpoon through somebody's plating.""

The grin broadens. ""Very funny story. Expensive story. $entity.catchrelease_harpoonFineDGS and we're even.""",,
catchrelease_fineDemandDiktat,OpenCommLink,"$faction.id == sindrian_diktat
$entity.catchrelease_fineConv score:1310
$entity.catchrelease_harpoonPatrol
!$entity.catchrelease_harpoonRepeat","SetTextHighlights $entity.catchrelease_harpoonFineDGS
FireAll CatchReleaseFineOptions","""You have damaged a vessel under Sindrian protection.""

$PersonRank $personName sends a penalty notice.

""The State is prepared to accept $entity.catchrelease_harpoonFineDGS credits in settlement. This is a courtesy, captain. A second discharge will not receive the same consideration.""",,
catchrelease_fineDemandLeague,OpenCommLink,"$faction.id == persean_league
$entity.catchrelease_fineConv score:1310
$entity.catchrelease_harpoonPatrol
!$entity.catchrelease_harpoonRepeat","SetTextHighlights $entity.catchrelease_harpoonFineDGS
FireAll CatchReleaseFineOptions","""Damage to an associated hull through negligent operation of heavy recovery equipment.""

$PersonRank $personName checks the wording against a regulation.

""$entity.catchrelease_harpoonFineDGS credits. I appreciate that the equipment was intended for fishing. That does not alter the condition of the other ship.""",,
catchrelease_fineDemandIndie,OpenCommLink,"$faction.id == independent
$entity.catchrelease_fineConv score:1310
$entity.catchrelease_harpoonPatrol
!$entity.catchrelease_harpoonRepeat","SetTextHighlights $entity.catchrelease_harpoonFineDGS
FireAll CatchReleaseFineOptions","""Ease off, captain. Someone you harpooned has filed a claim.""

$personName sends the yard estimate.

""$entity.catchrelease_harpoonFineDGS credits. I'm sure you've got an explanation, but they've still got a hole in the hull. Can we settle it?""",,
catchrelease_fineDemandRepeat,OpenCommLink,"$entity.catchrelease_fineConv score:1400
$entity.catchrelease_harpoonRepeat
$entity.catchrelease_harpoonCount == 2",FireBest CatchReleaseHarpoonPatrolAttack,"""We accepted your explanation the first time.""

$PersonRank $personName closes the incident file.

""You're not paying your way out of this one.""

The other ships begin spreading into combat formation.",,
catchrelease_fineDemandAgain,OpenCommLink,"$entity.catchrelease_fineConv score:1350
$entity.catchrelease_harpoonRepeat",FireBest CatchReleaseHarpoonPatrolAttack,"$PersonRank $personName opens the channel just long enough to confirm your identity.

""Yes. That fleet.""

The link closes as the other ships move to engage.",,
catchrelease_fineDemandRepeatHeg,OpenCommLink,"$faction.id == hegemony
$entity.catchrelease_fineConv score:1410
$entity.catchrelease_harpoonRepeat
$entity.catchrelease_harpoonCount == 2",FireBest CatchReleaseHarpoonPatrolAttack,"""The first incident may have been an accident. The second is deliberate."" $PersonRank $personName sets the slate face down. ""Weapons are authorized.""",,
catchrelease_fineDemandRepeatTT,OpenCommLink,"$faction.id == tritachyon
$entity.catchrelease_fineConv score:1410
$entity.catchrelease_harpoonRepeat
$entity.catchrelease_harpoonCount == 2",FireBest CatchReleaseHarpoonPatrolAttack,"""You've done it twice. That does simplify things. Your fleet is now recorded as deliberately hostile to Tri-Tachyon assets. I expect the consequences will be considerably less routine.""",,
catchrelease_fineDemandRepeatLC,OpenCommLink,"$faction.id == luddic_church
$entity.catchrelease_fineConv score:1410
$entity.catchrelease_harpoonRepeat
$entity.catchrelease_harpoonCount == 2",FireBest CatchReleaseHarpoonPatrolAttack,"$PersonRank $personName does not offer peace this time. ""We took payment for the hull and said nothing about the gear that made the hole. That was a courtesy, and you have shown us what it bought.""",,
catchrelease_fineDemandRepeatLP,OpenCommLink,"$faction.id == luddic_path
$entity.catchrelease_fineConv score:1410
$entity.catchrelease_harpoonRepeat
$entity.catchrelease_harpoonCount == 2",FireBest CatchReleaseHarpoonPatrolAttack,"There is no greeting. The speaker is already shouting when the channel opens.

""Again! Moloch puts a hook in your hand and you cast it into Ludd's children twice?""

Spittle marks the inside of the visor.

""Break the launcher or burn with it.""",,
catchrelease_fineDemandRepeatPirate,OpenCommLink,"$faction.id == pirates
$entity.catchrelease_fineConv score:1410
$entity.catchrelease_harpoonRepeat
$entity.catchrelease_harpoonCount == 2",FireBest CatchReleaseHarpoonPatrolAttack,"""Told you what was happening if you did it twice."" The pirate stops to think about it. ""I didn't, actually. My mistake.""",,
catchrelease_fineDemandRepeatDiktat,OpenCommLink,"$faction.id == sindrian_diktat
$entity.catchrelease_fineConv score:1410
$entity.catchrelease_harpoonRepeat
$entity.catchrelease_harpoonCount == 2",FireBest CatchReleaseHarpoonPatrolAttack,"""You were told the penalty was the favourable outcome."" $PersonRank $personName closes the notice.",,
catchrelease_patrolAttack,CatchReleaseHarpoonPatrolAttack,,"MakeOtherFleetHostile catchreleasePatrol true 5
MakeOtherFleetAggressive catchreleasePatrol true 5
MakeOtherFleetPreventDisengage catchreleasePatrol true 5
$entity.catchrelease_harpoonPatrolDone = true 30
$entity.catchrelease_harpoonForced = true 1
unset $entity.catchrelease_fineConv
ShowDefaultVisual
$entity.ignorePlayerCommRequests = true 0
EndConversation",,,
catchrelease_patrolPaid,OpenCommLink,"$entity.catchrelease_harpoonPatrolDone score:1240
$entity.catchrelease_harpoonFineSettled
!$entity.isHostile","$menuState = fleetConvMain 0
FireAll PopulateOptions","$PersonRank $personName checks a reference. ""Paid and filed. Try to keep the line clear of registered hulls.""",,
catchrelease_patrolUnpaid,OpenCommLink,"$entity.catchrelease_harpoonPatrolDone score:1250
!$entity.catchrelease_harpoonFineSettled
$entity.isHostile","ShowDefaultVisual
EndConversation","The link is accepted somewhere on the other ship and left open, unattended, on what sounds like a compartment being cleared for action.",,
catchrelease_fineOptPay,CatchReleaseFineOptions,,DoCanAffordCheck $entity.catchrelease_harpoonFine catchrelease_payFine,,0:catchrelease_payFine:Pay the fine ($entity.catchrelease_harpoonFineDGS credits),
catchrelease_fineOptTalk,CatchReleaseFineOptions,,"SetStoryOption catchrelease_talkFine 1 avoidCargoScan ui_char_spent_story_point ""Talked your way out of a fine""",,5:catchrelease_talkFine:Talk your way out of it,
catchrelease_fineOptRefuse,CatchReleaseFineOptions,,,,10:catchrelease_refuseFine:Refuse and cut the comm link,
catchrelease_finePaySel,DialogOptionSelected,$option == catchrelease_payFine,"AddRemoveCommodity credits -$entity.catchrelease_harpoonFine true
$entity.catchrelease_harpoonFinePaid = true 1
$entity.catchrelease_harpoonFineSettled = true 30
$entity.catchrelease_harpoonPatrolDone = true 30
MakeOtherFleetPreventDisengage catchreleasePatrol false
unset $entity.catchrelease_fineConv
ShowDefaultVisual
FireAll CatchReleaseFleetResolutionOptions","""Filed."" The transfer clears. ""Keep the harpoon off crewed hulls.""",,
catchrelease_fineTalkSel,DialogOptionSelected,$option == catchrelease_talkFine,"$entity.catchrelease_harpoonFinePaid = true 1
$entity.catchrelease_harpoonFineSettled = true 30
$entity.catchrelease_harpoonPatrolDone = true 30
MakeOtherFleetPreventDisengage catchreleasePatrol false
unset $entity.catchrelease_fineConv
ShowDefaultVisual
FireAll CatchReleaseFleetResolutionOptions","You ask to see the discharge report and go through it with $PersonRank $personName. The recovery system's operating limits take some explaining. So does the distinction between a malfunction and a deliberate shot.

Eventually the report is amended to record an equipment accident.

""Get it serviced, captain. I don't want to have this conversation again.""",,
catchrelease_fineRefuseSel,DialogOptionSelected,$option == catchrelease_refuseFine,"MakeOtherFleetHostile catchreleasePatrol true 5
MakeOtherFleetAggressive catchreleasePatrol true 5
$entity.catchrelease_harpoonPatrolDone = true 30
unset $entity.catchrelease_fineConv
$entity.ignorePlayerCommRequests = true 0
ShowDefaultVisual
EndConversation","$PersonRank $personName gives you a moment to reconsider, then closes the channel.

Your sensors officer reports weapons coming online across the other fleet.",,
,,,,,,
# shared bar job dialogue,,,,,,
catchrelease_jobAccept,DialogOptionSelected,$option == catchrelease_jobAccept,"HideMapMarker
unset $menuState
FireBest catchreleaseJobAccepted
BarCMD accept $missionId
BarCMD returnFromEvent true",,,
catchrelease_jobDecline,DialogOptionSelected,$option == catchrelease_jobDecline,"HideMapMarker
unset $menuState
FireBest catchreleaseJobDeclined
BarCMD returnFromEvent true",,,
catchrelease_jobDeliverReady,JobSpecificOptions,"$catchrelease_jobDeliver
Call $catchrelease_jobRef updateData
$catchreleaseHasFish","SetOptionColor catchrelease_jobTurnIn highlight
SetOptionColor catchrelease_jobTurnInPick highlight",,"catchrelease_jobTurnIn:Hand in your catch.
catchrelease_jobTurnInPick:Pick what to hand in.",
catchrelease_jobDeliverShort,JobSpecificOptions,"$catchrelease_jobDeliver
Call $catchrelease_jobRef updateData
!$catchreleaseHasFish",,,catchrelease_jobShort:Ask about the order.,
catchrelease_jobLeaveOption,JobSpecificOptions,Call $catchrelease_jobRef isContactActive,"SetShortcut catchrelease_jobClose ""ESCAPE""",,100:catchrelease_jobClose:Leave.,
catchrelease_jobPaidExit,JobSpecificOptions,"$catchreleasePaid
!$catchreleaseMore","SetShortcut catchrelease_jobClose ""ESCAPE""",,100:catchrelease_jobClose:Leave.,
catchrelease_jobCloseSel,DialogOptionSelected,$option == catchrelease_jobClose,"HideMapMarker
EndConversation NO_CONTINUE",,,
catchrelease_jobTurnInSel,DialogOptionSelected,$option == catchrelease_jobTurnIn,"HideMapMarker
Call $catchrelease_jobRef turnIn",,,
catchrelease_jobTurnInPickSel,DialogOptionSelected,$option == catchrelease_jobTurnInPick,"HideMapMarker
Call $catchrelease_jobRef turnInPick",,,
catchrelease_jobShortSel,DialogOptionSelected,$option == catchrelease_jobShort,"Call $catchrelease_jobRef updateData
FireBest catchreleaseJobRemind
FireAll JobSpecificOptions",,,
catchrelease_jobRemindGeneric,catchreleaseJobRemind,,,The outstanding order is for $catchreleaseAsk.,,
catchrelease_jobContactGreeting,PickGreeting,Call $catchrelease_jobRef isContactActive score:1000,"Call $catchrelease_jobRef updateData
unset $menuState
Call $catchrelease_jobRef showContactVisual
FireBest catchreleaseJobGreeting
FireAll JobSpecificOptions",,,
,,,,,,
# bar job: standing order,,,,,,
catchrelease_standingOrder_contactGreeting,catchreleaseJobGreeting,$missionId == catchrelease_standingOrder score:100,,"""Captain. Have you got the order?""

The provisioner finds your entry among a list of deliveries and leaves the channel open.",,
catchrelease_standingOrder_blurbBar,catchrelease_standingOrder_blurbBar,,,A provisioner at the next table is calling suppliers. You have heard the same question three times now: how much can they actually deliver?,,
catchrelease_standingOrder_optionBar,catchrelease_standingOrder_optionBar,,,,catchrelease_standingOrder_ask:Talk to the provisioner with the delivery manifests,
catchrelease_standingOrder_ask,DialogOptionSelected,$option == catchrelease_standingOrder_ask,"CatchReleaseCMD highlightJobText $catchreleaseReward
Call $catchrelease_jobRef showRewardDetails","""You supply catch? I've got kitchens asking for more than my usual boats can bring in. I need someone who'll take an order and fill it.""

The provisioner shows you the outstanding request. ""I'm after $catchreleaseAsk. $catchreleaseDeadline I can offer $catchreleaseReward when you deliver the lot.""","catchrelease_standingOrder_substitutions:How strict are the requirements?
catchrelease_jobAccept:Take the order.
catchrelease_jobDecline:Decline.",
catchrelease_standingOrder_accepted,catchreleaseJobAccepted,$missionId == catchrelease_standingOrder,,"""Good. I'll put you down for it. Contact me when you've got the full order aboard.""",,
catchrelease_standingOrder_declined,catchreleaseJobDeclined,$missionId == catchrelease_standingOrder,,"""All right. If you hear of anyone looking for the work, send them my way."" The provisioner returns to the supplier list.",,
catchrelease_standingOrder_remind,catchreleaseJobRemind,$missionId == catchrelease_standingOrder score:100,,"""The order's still $catchreleaseAsk. $catchreleaseDeadlineLeft I need the full lot before I can settle up.""",,
catchrelease_standingOrder_paid,catchreleaseJobPaid,"$missionId == catchrelease_standingOrder
$catchreleasePaid",,"The provisioner has the containers checked against the order before arranging your payment. ""That's the lot. Good. I'll let the kitchens know they can stop calling me.""",,
,,,,,,
# bar job: chef,,,,,,
catchrelease_chef_contactGreeting,catchreleaseJobGreeting,$missionId == catchrelease_chef score:100,,"The chef answers from a kitchen doorway, with somebody behind $himOrHer trying to ask a question.

""Not now. I'm talking to the supplier."" $HeOrShe turns back to the pickup. ""Captain. What have you got for me?""",,
catchrelease_chef_blurbBar,catchrelease_chef_blurbBar,,,A cook in stained whites is trying to order ingredients over the comm. The supplier has apparently suggested changing the dish. The cook's reply makes several nearby patrons look up.,,
catchrelease_chef_optionBar,catchrelease_chef_optionBar,,,,catchrelease_chef_ask:Talk to the cook with the ingredient cards,
catchrelease_chef_ask,DialogOptionSelected,$option == catchrelease_chef_ask,Call $catchrelease_jobRef showRewardDetails,"""Can you get me catch? I'm putting $catchreleaseDish on the menu, and the people who assured me they could supply it have suddenly become difficult to reach.""

The chef shows you the ingredient list. ""I need all three types: $catchreleaseAsk. $catchreleaseDeadline Bring the complete order to my kitchen and I'll pay $catchreleaseReward.""","catchrelease_chef_dish:Why not change the dish?
catchrelease_jobAccept:Take the order.
catchrelease_jobDecline:Decline.",
catchrelease_chef_accepted,catchreleaseJobAccepted,$missionId == catchrelease_chef,,"""Good. Keep the handling tags on the containers. If my prep crew have to guess which is which, I'll have to start this conversation again.""",,
catchrelease_chef_declined,catchreleaseJobDeclined,$missionId == catchrelease_chef,,"The chef looks back at the ingredient list. ""Fine. Do you know anyone who can?"" When you cannot offer a name, $heOrShe starts another call.",,
catchrelease_chef_remind,catchreleaseJobRemind,$missionId == catchrelease_chef score:100,,"""$catchreleaseAskCap. I need all three types. $catchreleaseDeadlineLeft Please don't arrive with two of them and ask whether I can make do.""",,
catchrelease_chef_paid,catchreleaseJobPaid,"$missionId == catchrelease_chef
$catchreleasePaid",,"The chef checks the handling tags, opens one container, and calls for the prep crew.

""Yes. That's what I asked for."" $HeOrShe catches an assistant by the sleeve. ""Separate stations. I don't want any of this mixed up.""

Nobody moves quickly enough.

""Move! I've got the fish, you've got no excuses!""",,
,,,,,,
# bar job: startup,,,,,,
catchrelease_startup_contactGreeting,catchreleaseJobGreeting,$missionId == catchrelease_startup score:100,,"""Captain! Come in. I've been working on the figures.""

The factor opens your current order. There are several versions of the business case behind it, each with a higher sales estimate.",,
catchrelease_startup_blurbBar,catchrelease_startup_blurbBar,,,A young factor has reserved the seat opposite with an expensive sleeveless jacket. A ten-page business case is open on $hisOrHer slate; the drink beside it has barely been touched.,,
catchrelease_startup_optionBar,catchrelease_startup_optionBar,,,,catchrelease_startup_ask:Hear the pitch from the young factor in the expensive jacket,
catchrelease_startup_ask,DialogOptionSelected,$option == catchrelease_startup_ask,"$menuState = catchreleaseStartupOffer 0
FireAll JobSpecificOptions","""Captain. Excellent. I was hoping to speak to someone who actually moves goods.""

The factor clears the jacket off the seat and turns the slate toward you. ""Fresh catch. Kitchens, private buyers, conservatories. People are already spending money on it, but nobody's bringing those customers together. I have a proposal for doing exactly that.""

You ask who will supply the catch.

""That's what I wanted to discuss.""",,
catchrelease_startup_offerDemandOption,JobSpecificOptions,"$menuState == catchreleaseStartupOffer
!$catchreleaseStartupAskedDemand",,,10:catchrelease_startup_demand:Who is buying?,
catchrelease_startup_offerOperationsOption,JobSpecificOptions,"$menuState == catchreleaseStartupOffer
!$catchreleaseStartupAskedOperations",,,20:catchrelease_startup_operations:How are you handling fulfillment?,
catchrelease_startup_offerTermsOption,JobSpecificOptions,"$menuState == catchreleaseStartupOffer
!$catchreleaseStartupTerms",,,30:catchrelease_startup_terms:Show me the terms.,
catchrelease_startup_offerAcceptOption,JobSpecificOptions,"$menuState == catchreleaseStartupOffer
$catchreleaseStartupTerms",,,30:catchrelease_jobAccept:Agree to the three shipments.,
catchrelease_startup_offerDeclineOption,JobSpecificOptions,$menuState == catchreleaseStartupOffer,,,40:catchrelease_jobDecline:Decline.,
catchrelease_startup_demand,DialogOptionSelected,$option == catchrelease_startup_demand,$catchreleaseStartupAskedDemand = true 0,"""Restaurants, clubs, private collections. I've worked from population figures and prevailing prices, so this isn't just enthusiasm.""

The factor shows you a sales projection. ""These are conservative estimates. I've assumed most people won't buy anything.""","catchrelease_startup_estimates:That still leaves quite a few who will.
catchrelease_startup_customers:Have any of them agreed to buy?
catchrelease_startup_back:Go over the rest of the proposal.",
catchrelease_startup_operations,DialogOptionSelected,$option == catchrelease_startup_operations,$catchreleaseStartupAskedOperations = true 0,"""You'll deliver to me. I handle the customer side.""

You ask where the catch goes after that. The factor opens a diagram linking storage, transport and buyers. None of the companies providing those services is named.

""I'm comparing arrangements. I need an actual consignment before anyone will give me a useful price.""","catchrelease_startup_costs:So you don't know what distribution will cost.
catchrelease_startup_back:Go over the rest of the proposal.",
catchrelease_startup_terms,DialogOptionSelected,$option == catchrelease_startup_terms,"$catchreleaseStartupTerms = true 0
CatchReleaseCMD highlightJobText $catchreleaseAsk $catchreleaseReward
Call $catchrelease_jobRef showRewardDetails
$menuState = catchreleaseStartupOffer 0
FireAll JobSpecificOptions","""Three shipments, each larger than the last. I'll pay you for each one when it arrives. No deadline; I need a supplier I can build around, not somebody rushing an unsuitable consignment through.""

The first order is for $catchreleaseAsk, with $catchreleaseReward on delivery. The later quantities will follow automatically as each shipment is completed.

""One species per shipment. We can change species between runs. What matters is showing that we can increase the volume.""",,
catchrelease_startup_accepted,catchreleaseJobAccepted,$missionId == catchrelease_startup,,"""Excellent. I'll put you in the business case as a confirmed supplier.""

The order arrives before you have left the table. Your quantity and payment are on the first page. There are nine more.",,
catchrelease_startup_declined,catchreleaseJobDeclined,$missionId == catchrelease_startup,,"""Of course. You have your own commitments. I appreciate you taking the meeting.""

The factor puts the jacket back on the empty seat and starts looking through the bar for another captain.",,
catchrelease_startup_remind,catchreleaseJobRemind,$missionId == catchrelease_startup score:100,,"""We're on $catchreleaseAsk. The current shipment.""

The factor checks the order. ""No deadline, as agreed. I'd just like to know when I can start describing the stock as available.""",,
catchrelease_startup_paid,catchreleaseJobPaid,"$missionId == catchrelease_startup
$catchreleasePaid",,"The factor checks the delivery against the order and arranges the agreed payment. ""Excellent. I'll get this into the figures.""",,
catchrelease_startup_paidMore,catchreleaseJobPaid,"$missionId == catchrelease_startup
$catchreleasePaid
$catchreleaseMore
$catchreleaseRound == 1 score:110","CatchReleaseCMD highlightJobText $catchreleaseAsk $catchreleaseReward
Call $catchrelease_jobRef showRewardDetails","A storage clerk is explaining that charges start when the catch arrives, not when the factor sells it. The factor finds this an unnecessarily narrow way to look at the arrangement.

Your payment clears without difficulty. ""First shipment completed. Good. Now we have something to show the buyers.""

The next order arrives: $catchreleaseAsk, for $catchreleaseReward on delivery.",,
catchrelease_startup_paidScale,catchreleaseJobPaid,"$missionId == catchrelease_startup
$catchreleasePaid
$catchreleaseMore
$catchreleaseRound == 2 score:110",Call $catchrelease_jobRef showRewardDetails,"""We've had inquiries,"" the factor tells you while arranging payment. ""Several buyers want individual deliveries. The carrier quotes per destination, which makes the first figures look rather severe.""

$HeOrShe opens the final order. ""Once we're doing enough volume, that should become negligible.""

The last shipment is for $catchreleaseAsk. The offered payment is $catchreleaseReward.",,
catchrelease_startup_paidDone,catchreleaseJobPaid,"$missionId == catchrelease_startup
$catchreleasePaid
!$catchreleaseMore score:100",,"The factor puts all three delivery receipts beside the business case and arranges your final payment.

""Three shipments. Increasing volume, all delivered. That's the supply question settled.""

You ask whether any of the prospective buyers have placed an order.

""We're discussing quantities. I can have a much more useful conversation with them now."" The factor starts updating the projections. ""Thank you, Captain. This gives me something real to work with.""",,
,,,,,,
# bar job: sub-butler,,,,,,
catchrelease_butler_contactGreeting,catchreleaseJobGreeting,$missionId == catchrelease_butler score:100,,"The under-butler answers promptly. ""Captain. Is this about the specimen?""

$HeOrShe finds your commission in the household schedule. ""I'm ready to arrange receipt when you have it.""",,
catchrelease_butler_blurbBar,catchrelease_butler_blurbBar,,,"A $manOrWoman in an immaculately cut coat sits beside an untouched drink. When a server tries to clear the second place, $heOrShe quietly asks that it be left.",,
catchrelease_butler_optionBar,catchrelease_butler_optionBar,,,,catchrelease_butler_ask:Talk to the $manOrWoman in the well-cut coat,
catchrelease_butler_ask,DialogOptionSelected,$option == catchrelease_butler_ask,"$menuState = catchreleaseButlerOffer 0
FireAll JobSpecificOptions","The $manOrWoman rises as you approach. ""Captain. Thank you for coming. I make purchases for a private household, and I understand that you can procure live specimens.""

$HeOrShe waits until you have taken the offered seat. ""I have been asked to find one of a particular size. The requirement is quite definite; the species is not.""",,
catchrelease_butler_offerWhoOption,JobSpecificOptions,"$menuState == catchreleaseButlerOffer
!$catchreleaseButlerAskedWho",,,10:catchrelease_butler_who:Who are you buying for?,
catchrelease_butler_offerPurposeOption,JobSpecificOptions,"$menuState == catchreleaseButlerOffer
!$catchreleaseButlerAskedPurpose",,,20:catchrelease_butler_purpose:What is it for?,
catchrelease_butler_offerTermsOption,JobSpecificOptions,"$menuState == catchreleaseButlerOffer
!$catchreleaseButlerTerms",,,30:catchrelease_butler_terms:State the terms.,
catchrelease_butler_offerAcceptOption,JobSpecificOptions,"$menuState == catchreleaseButlerOffer
$catchreleaseButlerTerms",,,30:catchrelease_jobAccept:Accept the commission.,
catchrelease_butler_offerDeclineOption,JobSpecificOptions,$menuState == catchreleaseButlerOffer,,,40:catchrelease_jobDecline:Decline.,
catchrelease_butler_who,DialogOptionSelected,$option == catchrelease_butler_who,"$catchreleaseButlerAskedWho = true 0
$menuState = catchreleaseButlerOffer 0
FireAll JobSpecificOptions","""The chief butler. It is for his own rooms.""

The under-butler appears to anticipate a further question. ""I attend to his appointments and personal purchases. The household is a large one.""",,
catchrelease_butler_purpose,DialogOptionSelected,$option == catchrelease_butler_purpose,"$catchreleaseButlerAskedPurpose = true 0
$menuState = catchreleaseButlerOffer 0
FireAll JobSpecificOptions","""A display in his receiving room. The tank has been installed, and he has asked for something that will be visible from the far end.""

The under-butler shows you a photograph of the room. ""We are not choosing for the kitchen. I mention that because the last supplier misunderstood the request.""",,
catchrelease_butler_terms,DialogOptionSelected,$option == catchrelease_butler_terms,"$catchreleaseButlerTerms = true 0
CatchReleaseCMD highlightJobText $catchreleaseReward
Call $catchrelease_jobRef showRewardDetails
$menuState = catchreleaseButlerOffer 0
FireAll JobSpecificOptions","""The commission is for $catchreleaseAsk. The weight is a minimum, Captain. There is no particular species required.""

$HeOrShe opens the schedule to your entry. ""$catchreleaseDeadline Payment is $catchreleaseReward upon delivery. Please contact me here; I will arrange transport to the household.""",,
catchrelease_butler_accepted,catchreleaseJobAccepted,$missionId == catchrelease_butler,,"""Thank you. I shall reserve the delivery slot. Please keep to the agreed time; the chief butler has already begun receiving visitors in that room.""",,
catchrelease_butler_declined,catchreleaseJobDeclined,$missionId == catchrelease_butler,,"""I understand. Thank you for considering it.""

The under-butler waits until you have risen before returning to the supplier list.",,
catchrelease_butler_remind,catchreleaseJobRemind,$missionId == catchrelease_butler score:100,,"""The request remains $catchreleaseAsk. $catchreleaseDeadlineLeft Contact me here when it is aboard and I shall have the porter meet you.""",,
catchrelease_butler_paid,catchreleaseJobPaid,"$missionId == catchrelease_butler
$catchreleasePaid",,"The under-butler watches the dock porter weigh the specimen, then asks for the container to be turned so $heOrShe can see it properly.

""Yes. That should be visible from the far end.""

Your payment is arranged, and the porter receives instructions for the journey to the household. The under-butler thanks you before returning to the day's appointments.",,
,,,,,,
# bar job: curator,,,,,,
catchrelease_curator_contactGreeting,catchreleaseJobGreeting,$missionId == catchrelease_curator score:100,,"""Captain, hello. Have you brought something for the collection?""

The curator puts aside an accession record and asks an assistant to stand by for your manifest.",,
catchrelease_curator_blurbBar,catchrelease_curator_blurbBar,,,A curator with an academic lanyard is looking through photographs of an aquarium. Several of the tanks in the new exhibition are still empty.,,
catchrelease_curator_optionBar,catchrelease_curator_optionBar,,,,catchrelease_curator_ask:Talk to the curator with the aquarium photographs,
catchrelease_curator_ask,DialogOptionSelected,$option == catchrelease_curator_ask,"CatchReleaseCMD highlightJobText $catchreleaseReward
Call $catchrelease_jobRef showRewardDetails","""I'm trying to finish a public collection. The opening has been advertised, and I still have empty tanks.""

The curator shows you the acquisition request: $catchreleaseAsk. ""Fine specimens can go on display. Low-coherence ones are useful for the comparative record, so I can accept those as well.""

""$catchreleaseDeadline I can offer $catchreleaseReward for the complete order.""","catchrelease_curator_comparison:What goes into the comparative record?
catchrelease_jobAccept:Agree to supply the collection.
catchrelease_jobDecline:Decline.",
catchrelease_curator_accepted,catchreleaseJobAccepted,$missionId == catchrelease_curator,,"""Good. Keep the catch and transport records with the containers. We need to know where each specimen came from, even if it's going straight into a display.""",,
catchrelease_curator_declined,catchreleaseJobDeclined,$missionId == catchrelease_curator,,"""All right. Thank you for looking."" The curator returns to the photographs and starts working out which empty tanks can be screened from view.",,
catchrelease_curator_remind,catchreleaseJobRemind,$missionId == catchrelease_curator score:100,,"""I'm still looking for $catchreleaseAsk. Specimens that meet either condition are useful; you don't have to make the whole order one kind. $catchreleaseDeadlineLeft""",,
catchrelease_curator_paid,catchreleaseJobPaid,"$missionId == catchrelease_curator
$catchreleasePaid",,"The curator checks the labels before letting the collection staff take the containers away.

""Thank you. I can use these. We may have something worth opening on time after all.""

$HeOrShe catches sight of an assistant carrying a container toward the entrance hall. ""Not there yet. I'd like to know it can stay in the tank before we let the visitors see it.""",,
,,,,,,
# bar job: children's tournament,,,,,,
catchrelease_duel_contactGreeting,catchreleaseJobGreeting,$missionId == catchrelease_duel score:100,,"The loud child appears first, leaning so close to the pickup that only half a face fits in frame.

""Captain!""

The quiet child pulls the comm unit back and puts the tournament bracket in front of it instead.

""We kept your spot.""

""I said we would.""

""You also tried to put somebody else in it.""",,
catchrelease_duel_blurbBar,catchrelease_duel_blurbBar,,,Two children have taken over a corner table with an empty bucket and a hand-drawn tournament bracket. Several names have been crossed out and written back in.,,
catchrelease_duel_optionBar,catchrelease_duel_optionBar,,,,catchrelease_duel_ask:Ask the children about the tournament bracket,
catchrelease_duel_ask,DialogOptionSelected,$option == catchrelease_duel_ask,"Call $catchrelease_jobRef showBarBackdrop
$menuState = catchreleaseDuelOffer 0
FireAll JobSpecificOptions","""You're a captain, aren't you?"" The louder child pushes an empty bucket off the spare chair. ""We need someone to get two fish.""

""For the tournament,"" the other child adds, showing you the bracket.

""And pick who gets which.""

""Because last time you took the good one before we'd even started."" The quieter child looks back at you. ""So this time someone else has to choose.""",,
catchrelease_duel_offerRulesOption,JobSpecificOptions,"$menuState == catchreleaseDuelOffer
!$catchreleaseDuelAskedRules",,,10:catchrelease_duel_rules:How does the tournament work?,
catchrelease_duel_offerNeutralOption,JobSpecificOptions,"$menuState == catchreleaseDuelOffer
!$catchreleaseDuelAskedNeutral",,,20:catchrelease_duel_neutral:Why do you need me?,
catchrelease_duel_offerTermsOption,JobSpecificOptions,$menuState == catchreleaseDuelOffer,,,30:catchrelease_duel_terms:What do you need me to bring?,
catchrelease_duel_offerDeclineOption,JobSpecificOptions,$menuState == catchreleaseDuelOffer,,,40:catchrelease_jobDecline:Decline.,
catchrelease_duel_rules,DialogOptionSelected,$option == catchrelease_duel_rules,"$catchreleaseDuelAskedRules = true 0
$menuState = catchreleaseDuelOffer 0
FireAll JobSpecificOptions","""One fish each. No swapping after we've started."" The quiet child turns the bracket over to show you the rules.

""And no poking the other person's fish,"" says the loud one.

""That's already covered. It says no interfering.""

""It should say poking. You said it didn't count last time.""

The quiet child finds a pen.",,
catchrelease_duel_neutral,DialogOptionSelected,$option == catchrelease_duel_neutral,"$catchreleaseDuelAskedNeutral = true 0
$menuState = catchreleaseDuelOffer 0
FireAll JobSpecificOptions","""Because you don't know either of us,"" the quiet child says. ""So you won't just give your friend the better fish.""

The loud child moves the bucket farther out of your way. ""You can sit here, if you want.""

""That's not going to work.""

""I was just being polite.""",,
catchrelease_duel_terms,DialogOptionSelected,$option == catchrelease_duel_terms,"CatchReleaseCMD highlightJobText $catchreleaseAsk
Call $catchrelease_jobRef showRewardDetails
$menuState = catchreleaseDuelTerms 0
FireAll JobSpecificOptions","""We need $catchreleaseAsk,"" says the quiet child. ""$catchreleaseDeadline Mum will find out eventually if we keep the table.""

They show you what they have saved for the prize: $catchreleaseReward.

""There's extra if one of the fish is Fine or better,"" the loud child adds. ""Then you pick who gets the good one.""

""If there is a good one.""

""There will be. Look at the captain's ships.""",,
catchrelease_duel_termsAcceptOption,JobSpecificOptions,$menuState == catchreleaseDuelTerms,,,30:catchrelease_jobAccept:I'll find two fish.,
catchrelease_duel_termsDeclineOption,JobSpecificOptions,$menuState == catchreleaseDuelTerms,,,40:catchrelease_jobDecline:Decline.,
catchrelease_duel_accepted,catchreleaseJobAccepted,$missionId == catchrelease_duel,,"The quiet child writes your ship's name into the bracket. The loud one watches, then asks how big a fish will fit through your cargo doors.

""We only need two,"" the quiet child reminds him.",,
catchrelease_duel_declined,catchreleaseJobDeclined,$missionId == catchrelease_duel,,"""Oh. All right."" The quiet child puts the bracket away.

The loud one is already looking past you. ""What about that person? That looks like a captain.""",,
catchrelease_duel_remind,catchreleaseJobRemind,$missionId == catchrelease_duel score:100,CatchReleaseCMD highlightJobText $catchreleaseAsk,"""$catchreleaseAsk,"" the quiet child reads from the note. ""$catchreleaseDeadlineLeft""

""Have you caught anything huge?"" the loud child asks.

""Just ask whether the captain has the fish.""",,
catchrelease_duelHandOver,JobSpecificOptions,"$catchrelease_duelChoice
Call $catchrelease_jobRef updateData
$catchreleaseHasFish
!$catchreleaseDuelSelectionReady",,,"catchrelease_duelPick:Pick two fish for the tournament.
catchrelease_jobShort:Not yet.",
catchrelease_duelShortOpt,JobSpecificOptions,"$catchrelease_duelChoice
Call $catchrelease_jobRef updateData
!$catchreleaseHasFish",,,catchrelease_jobShort:Not yet.,
catchrelease_duelPickSel,DialogOptionSelected,$option == catchrelease_duelPick,Call $catchrelease_jobRef chooseContenders,,,
catchrelease_duelAllocationReady,CatchReleaseDuelAllocationReady,"$missionId == catchrelease_duel
$catchreleaseDuelSelectionReady",CatchReleaseCMD highlightJobText $catchreleaseDuelBetterFish $catchreleaseDuelOtherFish,"The quiet child copies the container tags into the bracket.

$catchreleaseDuelBetterFish
$catchreleaseDuelOtherFish

The loud child puts a hand on one container. The other child moves it away. ""The captain chooses. That was the whole point.""",,
catchrelease_duelAllocationOptions,CatchReleaseDuelAllocationOptions,"$missionId == catchrelease_duel
$catchreleaseDuelSelectionReady","SetOptionColor catchrelease_duelLoud highlight
SetOptionColor catchrelease_duelQuiet highlight",,"catchrelease_duelLoud:Give the better fish to the loud child.
catchrelease_duelQuiet:Give the better fish to the quiet child.
catchrelease_duelReselect:Choose different fish.
catchrelease_duelAllocationWait:Not yet.",
catchrelease_duelLoudSel,DialogOptionSelected,$option == catchrelease_duelLoud,Call $catchrelease_jobRef turnInLoud,,,
catchrelease_duelQuietSel,DialogOptionSelected,$option == catchrelease_duelQuiet,Call $catchrelease_jobRef turnInQuiet,,,
catchrelease_duelReselectSel,DialogOptionSelected,$option == catchrelease_duelReselect,Call $catchrelease_jobRef chooseContenders,,,
catchrelease_duelAllocationWaitSel,DialogOptionSelected,$option == catchrelease_duelAllocationWait,"Call $catchrelease_jobRef cancelContenders
Call $catchrelease_jobRef updateData
FireBest catchreleaseJobRemind
FireAll JobSpecificOptions",,,
catchrelease_duel_paid,catchreleaseJobPaid,"$missionId == catchrelease_duel
$catchreleasePaid","CatchReleaseCMD highlightJobText $catchreleaseDuelBetterFish $catchreleaseDuelOtherFish
SetShortcut catchrelease_jobClose ""ESCAPE""","You give $catchreleaseDuelBetterFish to $catchreleaseKid and $catchreleaseDuelOtherFish to $catchreleaseOther.

The quiet child writes the assignments into the bracket. The loud one looks between the two containers, clearly considering an objection, but eventually takes the fish you chose.

They hand over the agreed prize and start clearing space for the tournament.",catchrelease_jobClose:Leave.,
catchrelease_duel_paidBonus,catchreleaseJobPaid,"$missionId == catchrelease_duel
$catchreleasePaid
$catchreleaseBonus score:100","CatchReleaseCMD highlightJobText $catchreleaseDuelBetterFish $catchreleaseDuelOtherFish
SetShortcut catchrelease_jobClose ""ESCAPE""","You give $catchreleaseDuelBetterFish to $catchreleaseKid and $catchreleaseDuelOtherFish to $catchreleaseOther.

""That one qualifies for the extra,"" the quiet child says, reading the grade tag on $catchreleaseDuelBetterFish.

The loud child retrieves the second prize from under the bucket. ""I told you we'd get a good one.""

They pass both prizes across before turning to the tournament bracket.",catchrelease_jobClose:Leave.,
,,,,,,
# bar job: Fight Night,,,,,,
catchrelease_ring_contactGreeting,catchreleaseJobGreeting,$missionId == catchrelease_ring score:100,,"""Captain. Have you found our fighters?""

The Commissioner opens the supplier book. ""Still after $catchreleaseAsk. $catchreleaseDeadlineLeft""",,
catchrelease_ring_blurbBar,catchrelease_ring_blurbBar,,,"A fight tank occupies the space where a pool table used to stand. Two shift crews are arguing over the last result while the barkeeper serves around them.

Beside the results board, a $manOrWoman is trying to find room for another correction in a grease-stained notebook.",,
catchrelease_ring_optionBar,catchrelease_ring_optionBar,,,,catchrelease_ring_ask:Ask about the blank line on the Fight Night chalkboard.,
catchrelease_ring_askFirst,DialogOptionSelected,"$option == catchrelease_ring_ask
$catchreleaseFightNights == 0","Call $catchrelease_jobRef showContactVisual
Call $catchrelease_jobRef showRewardDetails
$menuState = catchreleaseRingOffer 0
FireAll JobSpecificOptions","""We need two for Fight Night. You'd be supplying $catchreleaseAsk. $catchreleaseDeadline The supplier's fee is $catchreleaseReward.""

The Commissioner shows you where your name would go in the book. ""We weigh both against the usual size for their species, then post the odds. You can take your fee or stake it on either fighter. Win and there's a larger purse; lose and you forfeit the fee.""

""House cut's posted too,"" the barkeeper adds.",,
catchrelease_ring_askReturning,DialogOptionSelected,"$option == catchrelease_ring_ask
$catchreleaseFightNights > 0 score:110","CatchReleaseCMD highlightJobText $catchreleaseFightNights
Call $catchrelease_jobRef showContactVisual
Call $catchrelease_jobRef showRewardDetails
$menuState = catchreleaseRingOffer 0
FireAll JobSpecificOptions","The Commissioner recognizes you. ""$catchreleaseFightNights $catchreleaseFightNightWord supplying the fights, is it? Word gets around.""

""Fancy another? We're after $catchreleaseAsk. $catchreleaseDeadline Fee's $catchreleaseReward.""

The barkeeper comes over to hear your answer. ""Same arrangement. Take the fee or back a fighter once the odds are up.""",,
catchrelease_ring_offerHowOption,JobSpecificOptions,$menuState == catchreleaseRingOffer,,,10:catchrelease_ring_how:How does this work?,
catchrelease_ring_offerHouseOption,JobSpecificOptions,$menuState == catchreleaseRingOffer,,,20:catchrelease_ring_house:What's the house's end?,
catchrelease_ring_offerAcceptOption,JobSpecificOptions,$menuState == catchreleaseRingOffer,SetOptionColor catchrelease_jobAccept highlight,,30:catchrelease_jobAccept:I'll supply the pair.,
catchrelease_ring_offerDeclineOption,JobSpecificOptions,$menuState == catchreleaseRingOffer,,,40:catchrelease_jobDecline:Not this card.,
catchrelease_ring_how,DialogOptionSelected,$option == catchrelease_ring_how,"$menuState = catchreleaseRingOffer 0
FireAll JobSpecificOptions","""You supply both fighters. I measure each against the normal size range for its species, so a big specimen counts for more than a species that just happens to be big.""

The Commissioner shows you the calculations in the book. ""An even pair starts at thirty-eight percent each. The rest goes to the house. You can keep the supplier's fee or wager it on either fighter. If your fighter loses, the fee is all you lose.""",,
catchrelease_ring_house,DialogOptionSelected,$option == catchrelease_ring_house,"$menuState = catchreleaseRingOffer 0
FireAll JobSpecificOptions","The barkeeper pours another drink.

""House gets whatever's left between the two. It's all written up there.""

""Equal pair means thirty-eight each,"" the Commissioner says. ""Leaves twenty-four for the house.""

The bottle goes back on the shelf. ""And don't hit the glass. We already replaced it once.""

From the benches: ""Your shift hasn't picked a winner in three fights.""

""Four,"" somebody answers.",,
catchrelease_ring_accepted,catchreleaseJobAccepted,$missionId == catchrelease_ring,,"The Commissioner writes your name into the supplier book. ""Good. $catchreleaseAsk. $catchreleaseDeadline Bring both in together; we'll weigh them, post the odds, and you can decide what to do with your fee.""",,
catchrelease_ring_declined,catchreleaseJobDeclined,$missionId == catchrelease_ring,,"""Fair enough."" The Commissioner reopens the notebook.

The barkeeper calls down the bar, ""Still need two for the fight!""",,
catchrelease_ring_remind,catchreleaseJobRemind,$missionId == catchrelease_ring score:100,CatchReleaseCMD highlightJobText $catchreleaseAsk,"""Still waiting on $catchreleaseAsk, Captain. $catchreleaseDeadlineLeft""

The Commissioner closes the book before somebody at the next table can spill a drink on it.",,
catchrelease_ringHandOver,JobSpecificOptions,"$catchrelease_ringBet
Call $catchrelease_jobRef updateData
$catchreleaseHasFish
!$catchreleaseRingSelectionReady",,,"catchrelease_ringPick:Present a pair for the main event.
catchrelease_jobShort:Not ready yet.",
catchrelease_ringShortOpt,JobSpecificOptions,"$catchrelease_ringBet
Call $catchrelease_jobRef updateData
!$catchreleaseHasFish",,,catchrelease_jobShort:Not ready yet.,
catchrelease_ringPickSel,DialogOptionSelected,$option == catchrelease_ringPick,Call $catchrelease_jobRef chooseFighters,,,
catchrelease_ringAssignmentReady,CatchReleaseRingWagerReady,"$missionId == catchrelease_ring
$catchreleaseRingSelectionReady",,"The Commissioner weighs the pair and checks each against its species range before writing the names and odds on the board.

""$catchreleaseLeft. $catchreleaseLeftFish. $catchreleaseLeftOdds.""

The second entry goes up alongside it. ""$catchreleaseRight. $catchreleaseRightFish. $catchreleaseRightOdds. House takes $catchreleaseHouseOdds.""

People leave their drinks to inspect the board. By the time the Commissioner asks what you want to do with your fee, the first bets are already changing hands.",,
catchrelease_ringAssignmentOptions,CatchReleaseRingWagerOptions,"$missionId == catchrelease_ring
$catchreleaseRingSelectionReady","SetOptionColor catchrelease_ringFlat highlight
SetOptionColor catchrelease_ringLeft highlight
SetOptionColor catchrelease_ringRight highlight",,"catchrelease_ringFlat:Take the $catchreleaseReward supplier fee.
catchrelease_ringLeft:Back $catchreleaseLeft at $catchreleaseLeftOdds.
catchrelease_ringRight:Back $catchreleaseRight at $catchreleaseRightOdds.
catchrelease_ringReselect:Choose another pair.
catchrelease_ringAssignmentWait:Back without handing in.",
catchrelease_ringFlatSel,DialogOptionSelected,$option == catchrelease_ringFlat,Call $catchrelease_jobRef turnInFlat,,,
catchrelease_ringLeftSel,DialogOptionSelected,$option == catchrelease_ringLeft,Call $catchrelease_jobRef turnInLeft,,,
catchrelease_ringRightSel,DialogOptionSelected,$option == catchrelease_ringRight,Call $catchrelease_jobRef turnInRight,,,
catchrelease_ringReselectSel,DialogOptionSelected,$option == catchrelease_ringReselect,Call $catchrelease_jobRef chooseFighters,,,
catchrelease_ringAssignmentWaitSel,DialogOptionSelected,$option == catchrelease_ringAssignmentWait,"Call $catchrelease_jobRef cancelFighters
Call $catchrelease_jobRef updateData
FireBest catchreleaseJobRemind
FireAll JobSpecificOptions",,,
catchrelease_ring_paid,catchreleaseJobPaid,"$missionId == catchrelease_ring
$catchreleasePaid score:100",CatchReleaseCMD highlightJobText $catchreleaseLeft $catchreleaseRight $catchreleaseLeft,"The divider lifts.

The room goes quiet for an instant, long enough to hear water strike the glass. Then both shift crews start shouting.

""$catchreleaseLeft against $catchreleaseRight,"" the Commissioner calls over them.

Every turn in the tank starts another argument from the benches. A veteran regular begins explaining why $catchreleaseLeft has the better build for it, only for the other shift to shout him down.

A terrible noise emits from the tank, and the Commissioner raises a hand to announce the winner.",100:catchrelease_ringResult:Continue,
catchrelease_ringResult,DialogOptionSelected,$option == catchrelease_ringResult,"CatchReleaseCMD highlightJobText $catchreleaseWinner
FireBest CatchReleaseRingSettlement
Call $catchrelease_jobRef showRewardReceipts
FireAll JobSpecificOptions","""$catchreleaseWinner.""

The result goes onto the board, and the noise becomes deafening.",,
catchrelease_ring_settled,CatchReleaseRingSettlement,"$missionId == catchrelease_ring
$catchreleasePaid
!$catchreleaseHasWager score:100",CatchReleaseCMD highlightJobText $catchreleaseReward $catchreleaseWinner $catchreleaseLoser,"The barkeeper works through the surrounding bets while one shift crew pays the other across the bar. Someone near the tank calls, ""Took the safe money, captain?"" 

The veteran regular is already explaining why the outcome was obvious.

""Supplier first,"" says the barkeeper.
Your fixed fee clears, and service resumes.

$catchreleaseFightDate: $catchreleaseWinner over $catchreleaseLoser. Supplier: $playerName.",,
catchrelease_ring_settledWon,CatchReleaseRingSettlement,"$missionId == catchrelease_ring
$catchreleasePaid
$catchreleaseHasWager
$catchreleaseWon score:110",CatchReleaseCMD highlightJobText $catchreleaseReward $catchreleaseWinner $catchreleaseLoser,"The winning side makes enough noise to stop service for a few seconds. The barkeeper waits them out, settles the remaining bets, then closes your wager against the larger purse.

The veteran regular points at the board. ""Been saying it all night.""
Nobody nearby remembers him saying quite that.

$catchreleaseFightDate: $catchreleaseWinner over $catchreleaseLoser. Supplier: $playerName.",,
catchrelease_ring_settledLost,CatchReleaseRingSettlement,"$missionId == catchrelease_ring
$catchreleasePaid
$catchreleaseHasWager
!$catchreleaseWon score:110",CatchReleaseCMD highlightJobText $catchreleaseWinner $catchreleaseLoser,"The barkeeper finishes settling the room and draws a line through your wager.

""That's yours gone. Nothing else owing.""

Across the bar, the winning shift crew is collecting from the losing one. The veteran regular has already found a different reason the result was inevitable.

$catchreleaseFightDate: $catchreleaseWinner over $catchreleaseLoser. Supplier: $playerName.",,
,,,,,,
# bar job: companion,,,,,,
catchrelease_client_contactGreeting,catchreleaseJobGreeting,$missionId == catchrelease_client score:100,,"""Captain."" The liaison brings up your contract, leaving the buyer's name masked. ""Do you have a specimen for me to inspect?""",,
catchrelease_client_blurbBar,catchrelease_client_blurbBar,,,A $manOrWoman in understated eveningwear has a private purchase order open beside a nearly finished drink. The specifications are visible; the client's name is not.,,
catchrelease_client_optionBar,catchrelease_client_optionBar,,,,catchrelease_client_ask:Ask the liaison about the private contract,
catchrelease_client_ask,DialogOptionSelected,$option == catchrelease_client_ask,"Call $catchrelease_jobRef showRewardDetails
$menuState = catchreleaseClientOffer 0
FireAll JobSpecificOptions","""I arrange purchases for a private patron. This one is for $catchreleaseAsk. The minimum weight is firm.""

The liaison shows you the delivery terms. ""$catchreleaseDeadline The agreed payment would be $catchreleaseReward. There is an additional consideration for a specimen unusually large for its species.""",,
catchrelease_client_offerPurposeOption,JobSpecificOptions,"$menuState == catchreleaseClientOffer
!$catchreleaseClientAskedPurpose",,,10:catchrelease_client_purpose:What does the buyer want it for?,
catchrelease_client_offerAcceptOption,JobSpecificOptions,$menuState == catchreleaseClientOffer,,,30:catchrelease_jobAccept:Take the contract.,
catchrelease_client_offerDeclineOption,JobSpecificOptions,$menuState == catchreleaseClientOffer,,,40:catchrelease_jobDecline:Decline.,
catchrelease_client_purpose,DialogOptionSelected,$option == catchrelease_client_purpose,"$catchreleaseClientAskedPurpose = true 0
$menuState = catchreleaseClientOffer 0
FireAll JobSpecificOptions","""That isn't in my instructions. I am to check the specimen, accept delivery and arrange payment.""

The liaison turns to the handling requirements. ""A sealed container, with the mass clearly recorded. I won't require anything else from you.""",,
catchrelease_client_accepted,catchreleaseJobAccepted,$missionId == catchrelease_client,,"""Thank you. Contact me when the specimen is aboard. I'll arrange the transfer without involving the buyer.""",,
catchrelease_client_declined,catchreleaseJobDeclined,$missionId == catchrelease_client,,"""Of course.""

$HeOrShe closes the order and returns to $hisOrHer list of contacts.",,
catchrelease_client_remind,catchreleaseJobRemind,$missionId == catchrelease_client score:100,,"""$catchreleaseAsk. The arrangement is unchanged. $catchreleaseDeadlineLeft""",,
catchrelease_client_paid,catchreleaseJobPaid,"$missionId == catchrelease_client
$catchreleasePaid",,"The liaison has the sealed container weighed and checks the result against the contract.

""That meets the requirement. Thank you, Captain.""

The agreed payment is arranged before the container leaves the dock.",,
catchrelease_client_paidBonus,catchreleaseJobPaid,"$missionId == catchrelease_client
$catchreleasePaid
$catchreleaseBonus score:100",,"The liaison compares the specimen's measurements with the size range listed for its species.

""That qualifies for the additional consideration. I'll include it with your payment.""

The container is signed for and collected while $heOrShe arranges the transfer.",,
,,,,,,
# bar job: academy,,,,,,
catchrelease_academy_contactGreeting,catchreleaseJobGreeting,$missionId == catchrelease_academy score:100,,"""Captain. Please tell me you've brought something.""

The researcher has spread the retrieval records across a console. ""I've got enough ordinary returns to demonstrate what an ordinary return looks like. That isn't what the thesis is about.""",,
catchrelease_academy_blurbBar,catchrelease_academy_blurbBar,,,An Academy researcher is sorting retrieval logs beside two sensor plots. Most of the logs are going into a reject pile that is much larger than the collection beside it.,,
catchrelease_academy_optionBar,catchrelease_academy_optionBar,,,,catchrelease_academy_ask:Ask the Academy researcher what $heOrShe is studying,
catchrelease_academy_ask,DialogOptionSelected,$option == catchrelease_academy_ask,"CatchReleaseCMD highlightJobText $catchreleaseReward
Call $catchrelease_jobRef showRewardDetails","""Low-coherence specimens. That's what I need, and everyone keeps bringing me perfectly respectable fish.""

The researcher shows you the commission: $catchreleaseAsk. ""$catchreleaseDeadline Keep the original retrieval records with them, please. I need to compare the catch with what the instruments recorded at the time.""

$HeOrShe checks the research budget. ""I can offer $catchreleaseReward for the order.""","catchrelease_academy_research:What are you measuring?
catchrelease_jobAccept:Take the research commission.
catchrelease_jobDecline:Decline.",
catchrelease_academy_accepted,catchreleaseJobAccepted,$missionId == catchrelease_academy,,"""Thank you. Keep each record with its specimen. I can't compare a measurement if I have to guess which container it belongs to.""",,
catchrelease_academy_declined,catchreleaseJobDeclined,$missionId == catchrelease_academy,,"""All right. If you find someone doing the work, send them to me.""

The researcher looks at the two piles of records, then resumes sorting.",,
catchrelease_academy_remind,catchreleaseJobRemind,$missionId == catchrelease_academy score:100,,"""$catchreleaseAsk. $catchreleaseDeadlineLeft Low coherence, with the original retrieval records.""

The researcher rubs both eyes. ""Please don't have the port tidy the records up for me. I need the bad readings too.""",,
catchrelease_academy_paid,catchreleaseJobPaid,"$missionId == catchrelease_academy
$catchreleasePaid",,"The researcher takes a measurement, adjusts the instrument, and takes it again. Both readings go into the record.

""That's horrible."" $HeOrShe starts setting up another test. ""Perfect. I can use this.""

An assistant is called over to check the first result. Neither of them seems likely to remember you are there without a reminder.",,
,,,,,,
# bar job: tuber,,,,,,
catchrelease_tuber_contactGreeting,catchreleaseJobGreeting,$missionId == catchrelease_tuber score:100,,"""You're back! Hold there, I need the lamp on this side.""

The TriTuber adjusts the shot before answering you. ""Everyone, this is our fishing captain. Do we have the specimen? Captain, please say we have the specimen.""",,
catchrelease_tuber_blurbBar,catchrelease_tuber_blurbBar,,,"A $manOrWoman has set up two lamps and a good lens at one end of the bar. The chair is in the main walkway, forcing servers to squeeze around a recording of the same six-second introduction.",,
catchrelease_tuber_optionBar,catchrelease_tuber_optionBar,,,,catchrelease_tuber_ask:Ask the $manOrWoman at the recording set what $heOrShe is filming,
catchrelease_tuber_ask,DialogOptionSelected,$option == catchrelease_tuber_ask,"CatchReleaseCMD highlightJobText $catchreleaseReward
Call $catchrelease_jobRef showRewardDetails","""Look here. No, here, beside the lens. Perfect."" The TriTuber starts recording before you have agreed to anything. ""An actual fishing captain. We're going to get you a close look at something you won't see on any other feed.""

$HeOrShe lowers the lens just far enough to show you the request. ""I need $catchreleaseAsk. Then a second specimen for the follow-up. Two deliveries, paid separately. $catchreleaseDeadline The same terms start afresh for the second delivery.""

The camera comes back up. ""$catchreleaseReward for this delivery. Sponsor-funded. Captain, give me a reaction I can use.""","catchrelease_tuber_followup:What sort of follow-up?
catchrelease_tuber_camera:Are you recording this conversation?
catchrelease_jobAccept:Agree to supply both specimens.
catchrelease_jobDecline:Decline.",
catchrelease_tuber_accepted,catchreleaseJobAccepted,$missionId == catchrelease_tuber,,"""We've got a captain. We've got a specimen coming. Anyone saying this is another bait title can stay and watch it happen.""

The TriTuber checks that the recording saved, then looks back at you. ""Please bring it before the deadline. I've just promised this to rather a lot of people.""",,
catchrelease_tuber_declined,catchreleaseJobDeclined,$missionId == catchrelease_tuber,,"The TriTuber turns back to the lens. ""You saw that. The sponsor money's there, but the captain won't take it. What do you think?""

$HeOrShe checks the recording, then looks up. ""You're still in the shot. Could you walk away again, a bit slower?""",,
catchrelease_tuber_remind,catchreleaseJobRemind,$missionId == catchrelease_tuber score:100,,"""$catchreleaseAsk. $catchreleaseDeadlineLeft""

The lens comes up. ""Update: the captain is back. We're checking on the specimen."" $HeOrShe lowers it again. ""Please don't make this another update with no fish. They're starting to recognize the background.""",,
catchrelease_tuber_paidMore,catchreleaseJobPaid,"$missionId == catchrelease_tuber
$catchreleasePaid
$catchreleaseMore score:100","CatchReleaseCMD highlightJobText $catchreleaseAsk
Call $catchrelease_jobRef showRewardDetails","The TriTuber plays the reveal back, watching the viewer count rather than the fish.

""They liked it. Then they left. Look, right there, as soon as they could see the whole thing.""

Your first payment is arranged and the second request comes across: $catchreleaseAsk, for $catchreleaseReward. $catchreleaseDeadline

""I need something they'll play twice. Low coherence. Give them a frame they can argue about."" The lens swings back toward $hisOrHer face. ""If you thought that one was strange, stay with me. We've already commissioned the next.""",,
catchrelease_tuber_paidDone,catchreleaseJobPaid,"$missionId == catchrelease_tuber
$catchreleasePaid
!$catchreleaseMore score:100",,"The TriTuber moves the lens closer, then checks the recorded image against the specimen.

""Oh, they're going to fight about that. Leave the first frame in. Don't correct it.""

$HeOrShe arranges your final payment while replaying the clip. ""Look at the comments already. Captain, if anybody asks, we did this in one take.""",,
,,,,,,
# bar job: cult,,,,,,
catchrelease_cult_contactGreeting,catchreleaseJobGreeting,$missionId == catchrelease_cult score:100,,"All three buyers are on the channel. The first checks your ship's name against the purchase entry.

""Captain,"" says the third.

The second moves the entry where all three can see it.",,
catchrelease_cult_blurbBar,catchrelease_cult_blurbBar,,,Three people in matching plain coats share a table. One drink sits untouched between them.,,
catchrelease_cult_optionBar,catchrelease_cult_optionBar,,,,catchrelease_cult_ask:Ask the three people in matching coats what they are waiting for,
catchrelease_cult_ask,DialogOptionSelected,$option == catchrelease_cult_ask,"CatchReleaseCMD highlightJobText $catchreleaseSpecies $catchreleaseRewardCap
Call $catchrelease_jobRef showRewardDetails
$menuState = catchreleaseCultOffer 0
FireAll JobSpecificOptions","""$catchreleaseSpecies,"" says the first.

""$catchreleaseRewardCap,"" says the second.

The third sets down the written request: $catchreleaseAsk. ""$catchreleaseDeadline""",,
catchrelease_cult_offerPurposeOption,JobSpecificOptions,"$menuState == catchreleaseCultOffer
!$catchreleaseCultAskedPurpose",,,10:catchrelease_cult_purpose:What is it for?,
catchrelease_cult_offerAcceptOption,JobSpecificOptions,$menuState == catchreleaseCultOffer,,,30:catchrelease_jobAccept:Agree to bring it.,
catchrelease_cult_offerDeclineOption,JobSpecificOptions,$menuState == catchreleaseCultOffer,,,40:catchrelease_jobDecline:Decline.,
catchrelease_cult_purpose,DialogOptionSelected,$option == catchrelease_cult_purpose,"$catchreleaseCultAskedPurpose = true 0
$menuState = catchreleaseCultOffer 0
FireAll JobSpecificOptions
CatchReleaseCMD highlightJobText $catchreleaseSpecies $catchreleaseSpecies $catchreleaseSpecies","""$catchreleaseSpecies,"" says the first.

""$catchreleaseSpecies,"" says the second.

""$catchreleaseSpecies,"" says the third.",,
catchrelease_cult_accepted,catchreleaseJobAccepted,$missionId == catchrelease_cult,,"""Good,"" says the first.

The other two remain still.",,
catchrelease_cult_declined,catchreleaseJobDeclined,$missionId == catchrelease_cult,,They remain at the table.,,
catchrelease_cult_remind,catchreleaseJobRemind,$missionId == catchrelease_cult score:100,CatchReleaseCMD highlightJobText $catchreleaseSpecies,"""$catchreleaseSpecies,"" says the first.

The second shows you the outstanding request: $catchreleaseAsk.

""$catchreleaseDeadlineLeft"" says the third.",,
catchrelease_cult_paid,catchreleaseJobPaid,"$missionId == catchrelease_cult
$catchreleasePaid",,"The first buyer reads the container's label. The second checks it against the order. Neither opens it.

""It is the one.""

The third passes over the agreed payment, then takes the container. They leave together.",,
,,,,,,
# shared fleet quest dialogue,,,,,,
catchrelease_fleetQuestHail,BeginFleetEncounter,"$catchrelease_fleetQuest score:1200
!$catchrelease_fleetQuestTaken
!$catchrelease_fleetQuestHailed
!$distressFramework","$catchrelease_fleetQuestHailed = true
FleetDesc
HailPlayer",,,
catchrelease_fleetQuestPitch,OpenCommLink,"$entity.catchrelease_fleetQuest score:1200
!$entity.catchrelease_fleetQuestTaken
!$entity.isHostile
!$entity.distressFramework",FireBest CatchReleaseFleetQuestOffer,,,
catchrelease_fleetQuestOffer,CatchReleaseFleetQuestOffer,,"Call $entity.catchrelease_jobRef showContactVisual
FireBest CatchReleaseFleetQuestHailText
FireBest CatchReleaseFleetQuestPitchText
Call $entity.catchrelease_jobRef showRewardDetails
FireAll CatchReleaseFleetQuestOfferOptions",,,shared by the comm-link pitch and the distress-call pitch
catchrelease_fqQuestionSel,DialogOptionSelected,$option == catchrelease_fqQuestion,"FireBest CatchReleaseFleetQuestQuestionText
$entity.catchrelease_fqQuestionAsked = true
FireAll CatchReleaseFleetQuestOfferOptions",,,
catchrelease_fqExtraQuestionSel,DialogOptionSelected,$option == catchrelease_fqExtraQuestion,"FireBest CatchReleaseFleetQuestExtraQuestionText
$entity.catchrelease_fqExtraQuestionAsked = true
FireAll CatchReleaseFleetQuestOfferOptions",,,
catchrelease_fqHaggleSel,DialogOptionSelected,$option == catchrelease_fqHaggle,"Call $entity.catchrelease_jobRef haggle
FireBest CatchReleaseFleetQuestHaggleText
Call $entity.catchrelease_jobRef showRewardDetails
FireAll CatchReleaseFleetQuestOfferOptions",,,
catchrelease_fqSourSel,DialogOptionSelected,$option == catchrelease_fqSour,"Call $entity.catchrelease_jobRef sour
FireBest CatchReleaseFleetQuestSourText
Call $entity.catchrelease_jobRef showRewardDetails
FireAll CatchReleaseFleetQuestOfferOptions",,,
catchrelease_fqReclaimSel,DialogOptionSelected,$option == catchrelease_fqReclaim,"Call $entity.catchrelease_jobRef reclaim
FireBest CatchReleaseFleetQuestReclaimText
Call $entity.catchrelease_jobRef showRewardDetails
FireAll CatchReleaseFleetQuestOfferOptions",,,
catchrelease_fqCounterSel,DialogOptionSelected,$option == catchrelease_fqCounter,"Call $entity.catchrelease_jobRef showCounterparty
FireBest CatchReleaseFleetQuestCounterPitchText
Call $entity.catchrelease_jobRef showCounterRewardDetails
FireAll CatchReleaseFleetQuestCounterOptions",,,
catchrelease_fqCounterAcceptSel,DialogOptionSelected,$option == catchrelease_fqCounterAccept,"FireBest CatchReleaseFleetQuestCounterAcceptText
Call $entity.catchrelease_jobRef selectCounteroffer
$entity.catchrelease_fleetQuestTaken = true
Call $entity.catchrelease_jobRef showIntelAdded
FireAll CatchReleaseFleetResolutionOptions",,,
catchrelease_fqCounterReturnSel,DialogOptionSelected,$option == catchrelease_fqCounterReturn,"Call $entity.catchrelease_jobRef showContactVisual
FireBest CatchReleaseFleetQuestCounterReturnText
Call $entity.catchrelease_jobRef showRewardDetails
FireAll CatchReleaseFleetQuestOfferOptions",,,
catchrelease_fqAcceptSel,DialogOptionSelected,$option == catchrelease_fqAccept,"FireBest CatchReleaseFleetQuestAcceptText
$entity.catchrelease_fleetQuestTaken = true
Call $entity.catchrelease_jobRef showIntelAdded
FireAll CatchReleaseFleetResolutionOptions",,,
catchrelease_fqAcceptNoPromiseSel,DialogOptionSelected,$option == catchrelease_fqAcceptNoPromise,"FireBest CatchReleaseFleetQuestAcceptNoPromiseText
$entity.catchrelease_fleetQuestTaken = true
Call $entity.catchrelease_jobRef showIntelAdded
FireAll CatchReleaseFleetResolutionOptions",,,
catchrelease_fqDeclineSel,DialogOptionSelected,$option == catchrelease_fqDecline,"FireBest CatchReleaseFleetQuestDeclineText
FireAll CatchReleaseFleetResolutionOptions",,,
catchrelease_fleetQuestThanksRules,OpenCommLink,"$entity.catchrelease_fleetQuestThanksPending score:1330
!$entity.isHostile
Call $entity.catchrelease_jobRef hasRuleText","Call $entity.catchrelease_jobRef prepareRuleText
Call $entity.catchrelease_jobRef showContactVisual
FireBest CatchReleaseFleetQuestThanksText
Call $entity.catchrelease_jobRef clearRuleText
unset $entity.catchrelease_fleetQuestThanks
unset $entity.catchrelease_fleetQuestThanksPending
unset $entity.catchrelease_fleetQuestDetailedThanks
unset $entity.catchrelease_jobRef
FireAll CatchReleaseFleetResolutionOptions",,,
catchrelease_fleetQuestThanksWithContact,OpenCommLink,"$entity.catchrelease_fleetQuestThanksPending score:1320
$entity.catchrelease_fleetQuestDetailedThanks
$entity.catchrelease_jobRef != null
!$entity.isHostile
$entity.catchrelease_fleetQuestType == false","Call $entity.catchrelease_jobRef showContactVisual
unset $entity.catchrelease_fleetQuestThanks
unset $entity.catchrelease_fleetQuestThanksPending
unset $entity.catchrelease_fleetQuestDetailedThanks
unset $entity.catchrelease_jobRef
FireAll CatchReleaseFleetResolutionOptions",$entity.catchrelease_fleetQuestThanks,,
catchrelease_fleetQuestDetailedThanks,OpenCommLink,"$entity.catchrelease_fleetQuestThanksPending score:1310
$entity.catchrelease_fleetQuestDetailedThanks
!$entity.isHostile
$entity.catchrelease_fleetQuestType != null","FireBest CatchReleaseFleetQuestThanksText
unset $entity.catchrelease_fleetQuestThanks
unset $entity.catchrelease_fleetQuestThanksPending
unset $entity.catchrelease_fleetQuestDetailedThanks
unset $entity.catchrelease_fleetQuestType
FireAll CatchReleaseFleetResolutionOptions",,,
catchrelease_fleetQuestThanks,OpenCommLink,"$entity.catchrelease_fleetQuestThanksPending score:1300
!$entity.isHostile
$entity.catchrelease_fleetQuestType == false","unset $entity.catchrelease_fleetQuestThanks
unset $entity.catchrelease_fleetQuestThanksPending
unset $entity.catchrelease_fleetQuestDetailedThanks
FireAll CatchReleaseFleetResolutionOptions",$entity.catchrelease_fleetQuestThanks,,
catchrelease_fleetQuestDeclined,CatchReleaseFleetQuestDeclinedText,,,"""We've put the word back out. Someone else will bring it in.""",,
catchrelease_fleetQuestFollowup,OpenCommLink,"$entity.catchrelease_fleetQuest score:1250
$entity.catchrelease_fleetQuestTaken
$entity.catchrelease_fleetQuestFollowupPending
!$entity.isHostile","Call $entity.catchrelease_jobRef showContactVisual
FireBest CatchReleaseFleetQuestFollowupPitchText
Call $entity.catchrelease_jobRef showRewardDetails
FireAll CatchReleaseFleetQuestFollowupOptions",,,
catchrelease_fleetQuestWaiting,OpenCommLink,"$entity.catchrelease_fleetQuest score:1200
$entity.catchrelease_fleetQuestTaken
!$entity.isHostile","Call $entity.catchrelease_jobRef prepareRuleText
Call $entity.catchrelease_jobRef showContactVisual
FireBest CatchReleaseFleetQuestWaitingText
FireAll CatchReleaseFleetQuestTurnIn",,,
catchrelease_fqTurnInOpt,CatchReleaseFleetQuestTurnIn,"$entity.catchrelease_fleetQuestDeliver
Call $entity.catchrelease_jobRef updateData
$catchreleaseHasFish","SetOptionColor catchrelease_fqTurnIn highlight
SetOptionColor catchrelease_fqTurnInPick highlight",,"0:catchrelease_fqTurnIn:Hand in your catch
5:catchrelease_fqTurnInPick:Pick what to hand in",
catchrelease_fqLeaveOpt,CatchReleaseFleetQuestTurnIn,,"SetShortcut catchrelease_fqLeave ""ESCAPE""",,10:catchrelease_fqLeave:Leave them to it,
catchrelease_fqTurnInPicker,DialogOptionSelected,"$option == catchrelease_fqTurnIn
!$catchreleaseFleetHandoffPaid",Call $entity.catchrelease_jobRef turnIn,,,
catchrelease_fqTurnInPickSel,DialogOptionSelected,"$option == catchrelease_fqTurnInPick
!$catchreleaseFleetHandoffPaid",Call $entity.catchrelease_jobRef turnInPick,,,
catchrelease_fqTurnInSel,DialogOptionSelected,"$option == catchrelease_fqTurnIn
$catchreleaseFleetHandoffPaid",FireBest CatchReleaseFleetQuestTurnInText,,,
catchrelease_fqThanksContinue,CatchReleaseFleetQuestThanksContinue,,,,0:catchrelease_fqThanksContinue:Continue,
catchrelease_fqThanksContinueSel,DialogOptionSelected,$option == catchrelease_fqThanksContinue,"FireBest CatchReleaseFleetQuestThanksText
Call $entity.catchrelease_jobRef finishHandoff
FireAll CatchReleaseFleetResolutionOptions",,,
catchrelease_fqLeaveSel,DialogOptionSelected,$option == catchrelease_fqLeave,FireAll CatchReleaseFleetResolutionOptions,The link closes. They go back to waiting.,,
catchrelease_fqFollowupContinue,CatchReleaseFleetQuestFollowupContinue,,,,0:catchrelease_fqFollowupContinue:Continue,
catchrelease_fqFollowupContinueSel,DialogOptionSelected,$option == catchrelease_fqFollowupContinue,"FireBest CatchReleaseFleetQuestFollowupPitchText
Call $entity.catchrelease_jobRef showRewardDetails
FireAll CatchReleaseFleetQuestFollowupOptions",,,
catchrelease_fqFollowupAcceptSel,DialogOptionSelected,$option == catchrelease_fqFollowupAccept,"FireBest CatchReleaseFleetQuestFollowupAcceptText
Call $entity.catchrelease_jobRef acceptFollowup
FireAll CatchReleaseFleetResolutionOptions",,,
catchrelease_fqFollowupDeclineSel,DialogOptionSelected,$option == catchrelease_fqFollowupDecline,"FireBest CatchReleaseFleetQuestFollowupDeclineText
Call $entity.catchrelease_jobRef declineFollowup
FireAll CatchReleaseFleetResolutionOptions",,,
,,,,,,
# fleet quest: last entry,,,,,,
catchrelease_fq_last_entry_title,CatchReleaseFleetQuestTitle,$entity.catchrelease_fleetQuestType == last_entry,,The Last Entry,,
catchrelease_fq_last_entry_action,CatchReleaseFleetQuestActionText,$entity.catchrelease_fleetQuestType == last_entry,,Holding for catalogue filing,,
catchrelease_fq_last_entry_intelPurpose,CatchReleaseFleetQuestIntelPurpose,$entity.catchrelease_fleetQuestType == last_entry,,"Expedition $entity.catchreleaseFleetExpedition has completed its survey, but one specimen entry remains open. $entity.catchreleaseFleetFlagshipName needs the requested specimen to close the entry and file the catalogue without voiding the expedition's survey classification.",,
catchrelease_fq_last_entry_intelTerms,CatchReleaseFleetQuestIntelTerms,$entity.catchrelease_fleetQuestType == last_entry,,The expedition will accept delivery on the following terms.,,
catchrelease_fq_last_entry_hail,CatchReleaseFleetQuestHailText,$entity.catchrelease_fleetQuestType == last_entry,,"""This is the survey vessel $entity.catchreleaseFleetFlagshipName. Registry $entity.catchreleaseFleetRegistry, expedition $entity.catchreleaseFleetExpedition. Do you take specimen commissions?""",,
catchrelease_fq_last_entry_pitch,CatchReleaseFleetQuestPitchText,$entity.catchrelease_fleetQuestType == last_entry,,"""We're finished here, apart from one entry in the catalogue. If I submit it incomplete, the expedition loses its survey classification. If I keep it open, we keep paying berth and holding fees.""

The data officer shows you the missing entry. ""I'd like to stop being the reason we can't go home. I need $entity.catchrelease_fleetQuestAsk. We can offer $entity.catchrelease_fleetQuestReward. $entity.catchreleaseFleetDeadline""",,
catchrelease_fq_last_entry_offerOptions,CatchReleaseFleetQuestOfferOptions,$entity.catchrelease_fleetQuestType == last_entry,,,"catchrelease_fqAccept:I'll take the job.
catchrelease_fqAcceptNoPromise:I'll try, but I can't guarantee the catch. (Accept)
catchrelease_fqDecline:Decline.",
catchrelease_fq_last_entry_offerOptionsQuestion,CatchReleaseFleetQuestOfferOptions,"$entity.catchrelease_fleetQuestType == last_entry
!$entity.catchrelease_fqQuestionAsked",,,8:catchrelease_fqQuestion:Who logged the sighting?,
catchrelease_fq_last_entry_accept,CatchReleaseFleetQuestAcceptText,$entity.catchrelease_fleetQuestType == last_entry,,"""Thank you. I'll send the specimen entry and the range references. You'll find us here when you've got it.""

The files arrive under expedition $entity.catchreleaseFleetExpedition.",,
catchrelease_fq_last_entry_acceptNoPromise,CatchReleaseFleetQuestAcceptNoPromiseText,$entity.catchrelease_fleetQuestType == last_entry,,"""Then I'll send the request and range references. Call when you have something I can enter in the catalogue.""

The officer adds your name to the commission.",,
catchrelease_fq_last_entry_decline,CatchReleaseFleetQuestDeclineText,$entity.catchrelease_fleetQuestType == last_entry,,"""All right. I'll keep trying other vessels.""

The officer leaves the catalogue open and ends the call.",,
catchrelease_fq_last_entry_waiting,CatchReleaseFleetQuestWaitingText,$entity.catchrelease_fleetQuestType == last_entry,,"""$entity.catchreleaseFleetFlagshipName, registry $entity.catchreleaseFleetRegistry. Yes, the entry's still open. The captain has asked about it twice this watch.""

The data officer brings up the request. ""We still need $entity.catchrelease_fleetQuestAsk. $entity.catchreleaseFleetDeadlineLeft""",,
catchrelease_fq_last_entry_turnIn,CatchReleaseFleetQuestTurnInText,$entity.catchrelease_fleetQuestType == last_entry,,"The expedition staff weigh and photograph the specimen while the data officer fills in the final entry. This time the accession field has a name attached before the officer signs it.

""Accepted. I'll submit the catalogue now.""",,
catchrelease_fq_last_entry_question,CatchReleaseFleetQuestQuestionText,$entity.catchrelease_fleetQuestType == last_entry,,"""That's part of the difficulty."" The officer sends the sighting record: $entity.catchreleaseFleetEntryDate, $entity.catchreleaseFleetCoordinates, signed $entity.catchreleaseFleetSignature.

""That name isn't in the personnel index. Nobody by that name has served aboard $entity.catchreleaseFleetFlagshipName.""

You ask who will sign for your specimen.

""I will.""",,
catchrelease_fq_last_entry_thanks,CatchReleaseFleetQuestThanksText,$entity.catchrelease_fleetQuestType == last_entry,,"""The catalogue's filed. I've kept the original sighting with the expedition records; the specimen has its own entry.""

The data officer forwards the submission receipt. ""Thank you, Captain. We can get underway. $entity.catchreleaseFleetFlagshipName out.""",,
,,,,,,
# fleet quest: escrow,,,,,,
catchrelease_fq_escrow_title,CatchReleaseFleetQuestTitle,$entity.catchrelease_fleetQuestType == escrow,,The Escrow,,
catchrelease_fq_escrow_action,CatchReleaseFleetQuestActionText,$entity.catchrelease_fleetQuestType == escrow,,Closing out the contract,,
catchrelease_fq_escrow_intelPurpose,CatchReleaseFleetQuestIntelPurpose,$entity.catchrelease_fleetQuestType == escrow,,"Recovery vessel $entity.catchreleaseFleetFlagshipName is trying to close contract $entity.catchreleaseFleetContract. The original specimen disappeared with its carrier, but the contract allows a replacement. The skipper needs $entity.catchrelease_fleetQuestAsk before the outstanding liability grows any further.",,
catchrelease_fq_escrow_intelTerms,CatchReleaseFleetQuestIntelTerms,$entity.catchrelease_fleetQuestType == escrow,,The skipper offers the following terms for a replacement.,,
catchrelease_fq_escrow_hail,CatchReleaseFleetQuestHailText,$entity.catchrelease_fleetQuestType == escrow,,"""Recovery vessel $entity.catchreleaseFleetFlagshipName. Skipper speaking. I've got a contract I need off my books.""",,
catchrelease_fq_escrow_pitch,CatchReleaseFleetQuestPitchText,$entity.catchrelease_fleetQuestType == escrow,CatchReleaseCMD highlightJobText $entity.catchrelease_fleetQuestAsk $entity.catchreleaseFleetDays,"""We took a recovery contract on a missing shipment. The carrier hasn't turned up, but the liability certainly has. We're down for $entity.catchreleaseFleetLiability, and it grows every day the delivery stays open.""

The skipper shows you a clause several pages into the contract. ""We can supply a replacement. That's our way out. Get me $entity.catchrelease_fleetQuestAsk and I'll pay $entity.catchrelease_fleetQuestReward. $entity.catchreleaseFleetDeadline""",,
catchrelease_fq_escrow_offerOptions,CatchReleaseFleetQuestOfferOptions,$entity.catchrelease_fleetQuestType == escrow,,,"0:catchrelease_fqAccept:I'll take the job.
5:catchrelease_fqAcceptNoPromise:I'll try. No promises. (Accept)
10:catchrelease_fqDecline:Decline.",
catchrelease_fq_escrow_offerOptionsQuestion,CatchReleaseFleetQuestOfferOptions,"$entity.catchrelease_fleetQuestType == escrow
!$entity.catchrelease_fqQuestionAsked",,,8:catchrelease_fqQuestion:Who's the client?,
catchrelease_fqEscrowHaggleOpt,CatchReleaseFleetQuestOfferOptions,"$entity.catchrelease_fleetQuestType == escrow
!$entity.catchrelease_fqHaggled
!$entity.catchrelease_fqSoured",,,6:catchrelease_fqHaggle:Their exposure is bigger than your offer.,
catchrelease_fqEscrowSourOpt,CatchReleaseFleetQuestOfferOptions,"$entity.catchrelease_fleetQuestType == escrow
$entity.catchrelease_fqHaggled
!$entity.catchrelease_fqSoured",,,6:catchrelease_fqSour:Still not enough.,
catchrelease_fqEscrowReclaimOpt,CatchReleaseFleetQuestOfferOptions,"$entity.catchrelease_fleetQuestType == escrow
$entity.catchrelease_fqCanReclaim",SetStoryOption catchrelease_fqReclaim 1 avoidCargoScan ui_char_spent_story_point,,6:catchrelease_fqReclaim:Restore the raised offer.,
catchrelease_fq_escrow_accept,CatchReleaseFleetQuestAcceptText,$entity.catchrelease_fleetQuestType == escrow,,"""Good. I'll register you as the outside supplier. These are the relevant pages of $entity.catchreleaseFleetContract.""

The skipper sends the extract. ""Bring the specimen here. I'll see to the delivery paperwork.""",,
catchrelease_fq_escrow_acceptNoPromise,CatchReleaseFleetQuestAcceptNoPromiseText,$entity.catchrelease_fleetQuestType == escrow,,"""An attempt's more than we've got lined up.""

The skipper sends the order. ""Call when you've found it. I'll have the receiving crew ready.""",,
catchrelease_fq_escrow_decline,CatchReleaseFleetQuestDeclineText,$entity.catchrelease_fleetQuestType == escrow,,"""All right. I've got other calls out. $entity.catchreleaseFleetFlagshipName out.""",,
catchrelease_fq_escrow_waiting,CatchReleaseFleetQuestWaitingText,$entity.catchrelease_fleetQuestType == escrow,CatchReleaseCMD highlightJobText $entity.catchrelease_fleetQuestAsk,"""The contract's still open. We're liable for $entity.catchreleaseFleetLiability now.""

The skipper checks your manifest. ""Have you got $entity.catchrelease_fleetQuestAsk? $entity.catchreleaseFleetDeadlineLeft""",,
catchrelease_fq_escrow_turnIn,CatchReleaseFleetQuestTurnInText,$entity.catchrelease_fleetQuestType == escrow,,"The skipper checks the specimen against the replacement clause and signs the receipt before letting the deck crew move it.

""Accepted. You've got your copy; I'm sending the other to the client. That should stop the charges.""",,
catchrelease_fq_escrow_question,CatchReleaseFleetQuestQuestionText,$entity.catchrelease_fleetQuestType == escrow,,"""The name was withheld when we took the contract. It still is. Their legal department answers quickly enough when there's another charge to add.""

The skipper sends the unmasked specification. ""They want $entity.catchrelease_fleetQuestAsk. Supply that and they have to accept the delivery.""",,
catchrelease_fq_escrow_thanks,CatchReleaseFleetQuestThanksText,$entity.catchrelease_fleetQuestType == escrow,,"""That's done. Liability's stopped and the contract's closed. Thanks for the work, captain. $entity.catchreleaseFleetFlagshipName out.""",,
catchrelease_fq_escrow_haggle,CatchReleaseFleetQuestHaggleText,$entity.catchrelease_fleetQuestType == escrow,CatchReleaseCMD highlightJobText $entity.catchreleaseFleetDays,"The skipper works through the settlement allowance. ""I can find some more without referring it back. $entity.catchrelease_fleetQuestReward. $entity.catchreleaseFleetDeadline That's the increased offer.""",,
catchrelease_fq_escrow_sour,CatchReleaseFleetQuestSourText,$entity.catchrelease_fleetQuestType == escrow,,"""No. I've already gone as far as I can sign for. If you want to keep negotiating, it goes to Tri-Tachyon Legal.""

The skipper closes the amended offer. ""We're back to $entity.catchrelease_fleetQuestReward. I'm not adding their review fees to what we already owe.""",,
catchrelease_fq_escrow_reclaim,CatchReleaseFleetQuestReclaimText,$entity.catchrelease_fleetQuestType == escrow,CatchReleaseCMD highlightJobText $entity.catchreleaseFleetDays,"The skipper opens the amendment again. ""All right. I can justify it that way. $entity.catchrelease_fleetQuestReward. $entity.catchreleaseFleetDeadline""",,
,,,,,,
# fleet quest: interment,,,,,,
catchrelease_fq_interment_title,CatchReleaseFleetQuestTitle,$entity.catchrelease_fleetQuestType == interment,,The Interment,,
catchrelease_fq_interment_action,CatchReleaseFleetQuestActionText,$entity.catchrelease_fleetQuestType == interment,,Holding for interment,,
catchrelease_fq_interment_intelPurpose,CatchReleaseFleetQuestIntelPurpose,$entity.catchrelease_fleetQuestType == interment,,Burial convoy $entity.catchreleaseFleetFlagshipName needs the first species named in a guild elder's will before the appointed interment. The convoy has no fishing rig and cannot make a port stop without missing the window.,,
catchrelease_fq_interment_intelTerms,CatchReleaseFleetQuestIntelTerms,$entity.catchrelease_fleetQuestType == interment,,The estate will accept delivery on the following terms.,,
catchrelease_fq_interment_hail,CatchReleaseFleetQuestHailText,$entity.catchrelease_fleetQuestType == interment,,"""Burial convoy $entity.catchreleaseFleetFlagshipName. Convoy master speaking. We have a time-sensitive request.""",,
catchrelease_fq_interment_pitch,CatchReleaseFleetQuestPitchText,$entity.catchrelease_fleetQuestType == interment,,"""We're taking a guild elder to interment. An old colleague of mine. The will asks for a specimen of the first species they ever landed to go into the casket.""

The convoy master sends the relevant passage. ""We hadn't made provision for that. There's no fishing rig aboard, and a port call would make us miss the appointed window. We need $entity.catchrelease_fleetQuestAsk. The estate can offer $entity.catchrelease_fleetQuestReward. $entity.catchreleaseFleetDeadline""",,
catchrelease_fq_interment_offerOptions,CatchReleaseFleetQuestOfferOptions,$entity.catchrelease_fleetQuestType == interment,,,"0:catchrelease_fqAccept:I'll do it.
5:catchrelease_fqAcceptNoPromise:I'll try. No promises. (Accept)
10:catchrelease_fqDecline:Decline.",
catchrelease_fq_interment_offerOptionsQuestion,CatchReleaseFleetQuestOfferOptions,"$entity.catchrelease_fleetQuestType == interment
!$entity.catchrelease_fqQuestionAsked",,,8:catchrelease_fqQuestion:Why does a fish go in the casket?,
catchrelease_fq_interment_accept,CatchReleaseFleetQuestAcceptText,$entity.catchrelease_fleetQuestType == interment,,"""Thank you, Captain. I'll send the species record with the will extract. Hail the lead ship when you're ready to transfer it; I'll receive it myself.""",,
catchrelease_fq_interment_acceptNoPromise,CatchReleaseFleetQuestAcceptNoPromiseText,$entity.catchrelease_fleetQuestType == interment,,"""I understand. We'll count on your attempt, and make what preparations we can while you look. The species record and the time allowed are in the request.""",,
catchrelease_fq_interment_decline,CatchReleaseFleetQuestDeclineText,$entity.catchrelease_fleetQuestType == interment,,"""We'll make other arrangements. Thank you for hearing us out.""

The convoy master closes the channel.",,
catchrelease_fq_interment_waiting,CatchReleaseFleetQuestWaitingText,$entity.catchrelease_fleetQuestType == interment,CatchReleaseCMD highlightJobText $entity.catchrelease_fleetQuestAsk,"""$entity.catchreleaseFleetFlagshipName here. We're ready to depart as soon as the casket is complete. Have you found $entity.catchrelease_fleetQuestAsk? $entity.catchreleaseFleetDeadlineLeft""",,
catchrelease_fq_interment_turnIn,CatchReleaseFleetQuestTurnInText,$entity.catchrelease_fleetQuestType == interment,,"The convoy master meets the container in the hold. It is checked against the will, wrapped and marked with the elder's name.

""That's the right one. Thank you for bringing it.""",,
catchrelease_fq_interment_question,CatchReleaseFleetQuestQuestionText,$entity.catchrelease_fleetQuestType == interment,,"""First catch goes with them, last catch closes the log. An old guild custom.""

The convoy master checks the wording of the will. ""It means the species, not the original fish. They were quite specific about that. I wish they'd been as specific about who was to fetch it.""",,
catchrelease_fq_interment_thanks,CatchReleaseFleetQuestThanksText,$entity.catchrelease_fleetQuestType == interment,,"""The casket is complete. We can make the interment window."" The convoy master is already checking the departure order. ""We're getting underway. Safe passage, captain.""",,
,,,,,,
# fleet quest: calibration pair,,,,,,
catchrelease_fq_calibration_pair_title,CatchReleaseFleetQuestTitle,$entity.catchrelease_fleetQuestType == calibration_pair,,The Calibration Pair,,
catchrelease_fq_calibration_pair_action,CatchReleaseFleetQuestActionText,$entity.catchrelease_fleetQuestType == calibration_pair,,Calibrating instruments,,
catchrelease_fq_calibration_pair_intelPurpose,CatchReleaseFleetQuestIntelPurpose,$entity.catchrelease_fleetQuestType == calibration_pair,,The survey vessel $entity.catchreleaseFleetFlagshipName has two instruments giving different readings from the same standards. Its Academy field contract calls for a pair of specimens of the same species before the researcher can finish recalibration and resume the survey.,,
catchrelease_fq_calibration_pair_intelTerms,CatchReleaseFleetQuestIntelTerms,$entity.catchrelease_fleetQuestType == calibration_pair,,The Academy field contract offers the following terms.,,
catchrelease_fq_calibration_pair_hail,CatchReleaseFleetQuestHailText,$entity.catchrelease_fleetQuestType == calibration_pair,,"""Survey vessel $entity.catchreleaseFleetFlagshipName, operating under Academy field contract. We require assistance with our equipment.""",,
catchrelease_fq_calibration_pair_pitch,CatchReleaseFleetQuestPitchText,$entity.catchrelease_fleetQuestType == calibration_pair,,"""Two meters, one certified standard, two results. They agreed before our last transit through worn fabric. Now they don't, and I can't declare either one correct just because I prefer its reading.""

The researcher sends the calibration request. ""Procedure calls for a specimen pair of the same species: $entity.catchrelease_fleetQuestAsk. The contract pays $entity.catchrelease_fleetQuestReward. $entity.catchreleaseFleetDeadline""",,
catchrelease_fq_calibration_pair_offerOptions,CatchReleaseFleetQuestOfferOptions,$entity.catchrelease_fleetQuestType == calibration_pair,,,"0:catchrelease_fqAccept:I'll take the job.
5:catchrelease_fqAcceptNoPromise:I'll try. No promises. (Accept)
10:catchrelease_fqDecline:Decline.",
catchrelease_fq_calibration_pair_offerOptionsQuestion,CatchReleaseFleetQuestOfferOptions,"$entity.catchrelease_fleetQuestType == calibration_pair
!$entity.catchrelease_fqQuestionAsked",,,"8:catchrelease_fqQuestion:What do you mean, they disagree?",
catchrelease_fq_calibration_pair_accept,CatchReleaseFleetQuestAcceptText,$entity.catchrelease_fleetQuestType == calibration_pair,,"""Good. I'll send the procedure. Please keep the retrieval records with each specimen; I need to be able to tell which result belongs to which catch.""",,
catchrelease_fq_calibration_pair_acceptNoPromise,CatchReleaseFleetQuestAcceptNoPromiseText,$entity.catchrelease_fleetQuestType == calibration_pair,,"""I'll take an attempt. We've run out of useful things to recalibrate here.""

The researcher sends the procedure with your order.",,
catchrelease_fq_calibration_pair_decline,CatchReleaseFleetQuestDeclineText,$entity.catchrelease_fleetQuestType == calibration_pair,,"""Very well. I'll ask the next vessel. We have plenty of time to repeat the same unhelpful measurements in the meantime.""",,
catchrelease_fq_calibration_pair_waiting,CatchReleaseFleetQuestWaitingText,$entity.catchrelease_fleetQuestType == calibration_pair,,"""I still need $entity.catchrelease_fleetQuestAsk. One of my assistants has labelled a meter 'probably correct.' I dislike writing 'probably' in a calibration record. $entity.catchreleaseFleetDeadlineLeft""",,
catchrelease_fq_calibration_pair_turnIn,CatchReleaseFleetQuestTurnInText,$entity.catchrelease_fleetQuestType == calibration_pair,,"The researcher has both specimens put through the instrument set, then asks for the sequence to be repeated. The second readings are entered beside the first rather than written over them.

""That's the pair delivered. I'll arrange your payment.""",,
catchrelease_fq_calibration_pair_question,CatchReleaseFleetQuestQuestionText,$entity.catchrelease_fleetQuestType == calibration_pair,,"""The same certified mass gives a different number on each meter. Repeating the test gives us another pair of numbers.""

The researcher shows you the record. ""We're keeping all of them. The specimen pair gives us a reference that hasn't spent the last transit bolted into our calibration locker.""",,
catchrelease_fq_calibration_pair_thanks,CatchReleaseFleetQuestThanksText,$entity.catchrelease_fleetQuestType == calibration_pair,,"""That's enough. I can file the calibration certificate."" The researcher signs the final sheet. ""If the Academy wants a fourth column, they can issue a new contract. $entity.catchreleaseFleetFlagshipName out.""",,
catchrelease_fq_calibration_pair_followupPitch,CatchReleaseFleetQuestFollowupPitchText,$entity.catchrelease_fleetQuestType == calibration_pair,CatchReleaseCMD highlightJobText $entity.catchrelease_fleetQuestAsk,"""One of the specimens returned a different result on its second pass. Your delivery's accepted; this is an additional request.""

The researcher opens another column. ""Procedure calls for a third specimen of the same species. I need $entity.catchrelease_fleetQuestAsk, for $entity.catchrelease_fleetQuestReward. $entity.catchreleaseFleetDeadline Would you take that on?""",,
catchrelease_fqFollowupOptions,CatchReleaseFleetQuestFollowupOptions,$entity.catchrelease_fleetQuestType == calibration_pair,,,"0:catchrelease_fqFollowupAccept:I'll get the tiebreaker.
10:catchrelease_fqFollowupDecline:Decline.",
catchrelease_fq_calibration_pair_followupAccept,CatchReleaseFleetQuestFollowupAcceptText,$entity.catchrelease_fleetQuestType == calibration_pair,,"""Thank you. I'll send the amended request. One more specimen, then I should have enough to file.""",,
catchrelease_fq_calibration_pair_followupDecline,CatchReleaseFleetQuestFollowupDeclineText,$entity.catchrelease_fleetQuestType == calibration_pair,,"""Understood. The first delivery remains accepted and paid. I'll find somebody else for the additional specimen.""",,
catchrelease_fq_calibration_pair_followupWaiting,CatchReleaseFleetQuestWaitingText,"$entity.catchrelease_fleetQuestType == calibration_pair
$entity.catchreleaseFleetQuestRound > 0 score:20",CatchReleaseCMD highlightJobText $entity.catchrelease_fleetQuestAsk,"""I still have the first pair and an unfinished certificate. We need $entity.catchrelease_fleetQuestAsk to complete the additional request.""",,
catchrelease_fq_calibration_pair_followupTurnIn,CatchReleaseFleetQuestTurnInText,"$entity.catchrelease_fleetQuestType == calibration_pair
$entity.catchreleaseFleetQuestRound > 0 score:20",,"The researcher runs all three specimens through the same sequence, recording the results in separate columns.

""That's enough to complete the procedure. Whether the Academy likes the readings is its own problem.""",,
catchrelease_fq_calibration_pair_followupPurpose,CatchReleaseFleetQuestIntelPurpose,"$entity.catchrelease_fleetQuestType == calibration_pair
$entity.catchreleaseFleetQuestRound > 0 score:20",,One reference specimen on $entity.catchreleaseFleetFlagshipName returned a different result on its second pass. Procedure requires a third specimen of the same species as a tiebreaker.,,
catchrelease_fq_calibration_pair_followupTerms,CatchReleaseFleetQuestIntelTerms,"$entity.catchrelease_fleetQuestType == calibration_pair
$entity.catchreleaseFleetQuestRound > 0 score:20",,The follow-up calibration request has the following terms.,,
,,,,,,
# fleet quest: mutiny pot,,,,,,
catchrelease_fq_mutiny_pot_title,CatchReleaseFleetQuestTitle,$entity.catchrelease_fleetQuestType == mutiny_pot,,The Mutiny Pot,,
catchrelease_fq_mutiny_pot_action,CatchReleaseFleetQuestActionText,$entity.catchrelease_fleetQuestType == mutiny_pot,,Holding the buyout,,
catchrelease_fq_mutiny_pot_intelPurpose,CatchReleaseFleetQuestIntelPurpose,$entity.catchrelease_fleetQuestType == mutiny_pot,,The crew of $entity.catchreleaseFleetFlagshipName has pooled shares for three years to buy out its captain. They hired you privately to supply the specimen required by the sale agreement.,,
catchrelease_fq_mutiny_pot_intelTerms,CatchReleaseFleetQuestIntelTerms,$entity.catchrelease_fleetQuestType == mutiny_pot,,The crew's private offer has the following terms.,,
catchrelease_fq_mutiny_pot_hail,CatchReleaseFleetQuestHailText,$entity.catchrelease_fleetQuestType == mutiny_pot,,"""Bosun of $entity.catchreleaseFleetFlagshipName. Requesting a private word on ship's business.""",,
catchrelease_fq_mutiny_pot_pitch,CatchReleaseFleetQuestPitchText,$entity.catchrelease_fleetQuestType == mutiny_pot,,"""We've been putting part of every share into a buyout fund. Three years of it. There's finally enough to buy $entity.catchreleaseFleetFlagshipName.""

The bosun checks that the channel is private before sending the sale agreement. ""The captain signed, but there's a condition. We have to bring in the species from an old lost cargo wager. Captain won't sell until it's settled.""

""We need $entity.catchrelease_fleetQuestAsk. This stays off the ship's open channels until it's aboard. The crew can offer $entity.catchrelease_fleetQuestReward. $entity.catchreleaseFleetDeadline""",,
catchrelease_fq_mutiny_pot_offerOptions,CatchReleaseFleetQuestOfferOptions,$entity.catchrelease_fleetQuestType == mutiny_pot,,,"0:catchrelease_fqAccept:I'll take the crew's offer.
5:catchrelease_fqAcceptNoPromise:I'll try. No promises. (Accept)
9:catchrelease_fqCounter:Put your captain on.
10:catchrelease_fqDecline:Decline.",
catchrelease_fq_mutiny_pot_offerOptionsQuestion,CatchReleaseFleetQuestOfferOptions,"$entity.catchrelease_fleetQuestType == mutiny_pot
!$entity.catchrelease_fqQuestionAsked",,,8:catchrelease_fqQuestion:Why does the sale need a fish?,
catchrelease_fq_mutiny_pot_accept,CatchReleaseFleetQuestAcceptText,$entity.catchrelease_fleetQuestType == mutiny_pot,,"""Good. I'll send the sale clause and the old wager entry."" The files arrive under the crew's account. ""Keep this between us until you hail back.""",,
catchrelease_fq_mutiny_pot_acceptNoPromise,CatchReleaseFleetQuestAcceptNoPromiseText,$entity.catchrelease_fleetQuestType == mutiny_pot,,"""All right. I'll tell the crew we've found someone.""

The bosun sends the old wager entry. ""Hail me when you've got the specimen. Not the bridge.""",,
catchrelease_fq_mutiny_pot_decline,CatchReleaseFleetQuestDeclineText,$entity.catchrelease_fleetQuestType == mutiny_pot,,"""Fair. Appreciate the discretion. $entity.catchreleaseFleetFlagshipName out.""",,
catchrelease_fq_mutiny_pot_waiting,CatchReleaseFleetQuestWaitingText,$entity.catchrelease_fleetQuestType == mutiny_pot,,"""Bosun here. We've got the fund together and the sale papers ready. Everything's waiting on $entity.catchrelease_fleetQuestAsk.""

The bosun lowers their voice. ""Please tell me you've found it. $entity.catchreleaseFleetDeadlineLeft""",,
catchrelease_fq_mutiny_pot_turnIn,CatchReleaseFleetQuestTurnInText,$entity.catchrelease_fleetQuestType == mutiny_pot,,"The bosun compares the container tag with the sale agreement and has a crewman countersign the delivery.

""That's the last condition. The money's ready, and now the fish is aboard. The captain can sign the transfer.""",,
catchrelease_fq_mutiny_pot_question,CatchReleaseFleetQuestQuestionText,$entity.catchrelease_fleetQuestType == mutiny_pot,,"""We've all heard that wager story. Who won, who cheated, what the catch looked like. Depends on the evening.""

The bosun shows you the signed clause. ""The species in this copy is definite. That's what we're holding the captain to.""",,
catchrelease_fq_mutiny_pot_thanks,CatchReleaseFleetQuestThanksText,$entity.catchrelease_fleetQuestType == mutiny_pot,,"""The ship's ours."" The bosun is on the bridge now, giving departure instructions. ""We'll take $entity.catchreleaseFleetFlagshipName into port and get the rest of the paperwork done there.""

The bosun comes back to the pickup. ""Thank you, Captain. Three years was long enough.""",,
catchrelease_fq_mutiny_pot_counterPitch,CatchReleaseFleetQuestCounterPitchText,$entity.catchrelease_fleetQuestType == mutiny_pot,CatchReleaseCMD highlightJobText $entity.catchrelease_fleetQuestAsk,"""A captain reads his own manifest. I know about the pot.""

The captain takes the bosun's place on the channel. ""Bring me $entity.catchrelease_fleetQuestAsk privately and I'll pay $entity.catchrelease_fleetQuestCounterReward. My account, not theirs.""

The sale agreement remains open on the display. ""When anyone asks, I landed it. That's part of the arrangement.""",,
catchrelease_fqCounterOptions,CatchReleaseFleetQuestCounterOptions,$entity.catchrelease_fleetQuestType == mutiny_pot,,,"0:catchrelease_fqCounterAccept:I'll take your offer.
10:catchrelease_fqCounterReturn:Put the bosun back on.",
catchrelease_fq_mutiny_pot_counterAccept,CatchReleaseFleetQuestCounterAcceptText,$entity.catchrelease_fleetQuestType == mutiny_pot,,"""Done."" The captain sends the wager entry and a private hand-in code. ""Bring it to me. Don't route the container through general cargo.""",,
catchrelease_fq_mutiny_pot_counterReturn,CatchReleaseFleetQuestCounterReturnText,$entity.catchrelease_fleetQuestType == mutiny_pot,,"""Then do your business with the bosun.""

The channel changes hands. The bosun looks at you for a moment before bringing the crew's offer back up. ""Our terms haven't changed.""",,
catchrelease_fq_mutiny_pot_counterWaiting,CatchReleaseFleetQuestWaitingText,"$entity.catchrelease_fleetQuestType == mutiny_pot
$entity.catchrelease_potCaptain score:30",CatchReleaseCMD highlightJobText $entity.catchrelease_fleetQuestAsk,"""Captain here. The purchase papers are still waiting on the last line. I still need $entity.catchrelease_fleetQuestAsk.""",,
catchrelease_fq_mutiny_pot_counterTurnIn,CatchReleaseFleetQuestTurnInText,"$entity.catchrelease_fleetQuestType == mutiny_pot
$entity.catchrelease_potCaptain score:30",,"The captain has the container brought through a side lock, away from the general cargo crew. After checking the specimen against the wager entry, the captain signs your private receipt.

""That's our business settled. Leave the sale to me.""",,
catchrelease_fq_mutiny_pot_counterThanks,CatchReleaseFleetQuestThanksText,"$entity.catchrelease_fleetQuestType == mutiny_pot
$entity.catchrelease_potCaptain score:30",,"""You've been paid, Captain. There's nothing else I need from you.""

The captain ends the call. A cargo canister is put out through a lower lock; nobody aboard asks you to collect it.",,
catchrelease_fq_mutiny_pot_counterPurpose,CatchReleaseFleetQuestIntelPurpose,"$entity.catchrelease_fleetQuestType == mutiny_pot
$entity.catchrelease_potCaptain score:30",,The captain of $entity.catchreleaseFleetFlagshipName knows about the crew's buyout and has made a private counteroffer for the same specimen. They intend to present it as their own catch.,,
catchrelease_fq_mutiny_pot_counterTerms,CatchReleaseFleetQuestIntelTerms,"$entity.catchrelease_fleetQuestType == mutiny_pot
$entity.catchrelease_potCaptain score:30",,The captain's counteroffer has the following terms.,,
,,,,,,
# fleet quest: tribute,,,,,,
catchrelease_fq_tribute_title,CatchReleaseFleetQuestTitle,$entity.catchrelease_fleetQuestType == tribute,,The Tribute,,
catchrelease_fq_tribute_action,CatchReleaseFleetQuestActionText,$entity.catchrelease_fleetQuestType == tribute,,Finding the tribute,,
catchrelease_fq_tribute_intelPurpose,CatchReleaseFleetQuestIntelPurpose,$entity.catchrelease_fleetQuestType == tribute,,"Independent salvage crew $entity.catchreleaseFleetFlagshipName owes its yearly tribute to a local pirate ring. The courier sent to fetch the requested specimen never returned, and the ring's enforcers have arrived to collect. The quartermaster needs a replacement before the pirates decide to collect something else.",,
catchrelease_fq_tribute_intelTerms,CatchReleaseFleetQuestIntelTerms,$entity.catchrelease_fleetQuestType == tribute,,The quartermaster has offered the following payment for the replacement tribute.,,
catchrelease_fq_tribute_hail,CatchReleaseFleetQuestHailText,$entity.catchrelease_fleetQuestType == tribute,,"""Independent freighter $entity.catchreleaseFleetFlagshipName. Quartermaster speaking. If you've got a fishing rig, answer private. Please.""",,
catchrelease_fq_tribute_pitch,CatchReleaseFleetQuestPitchText,$entity.catchrelease_fleetQuestType == tribute,,"""We work a salvage claim in their territory. Once a year we pay, and they leave the boats alone. This year the boss wanted something for a display tank.""

The quartermaster looks away from the pickup. ""Our courier didn't come back. Their collection crew did. They're sitting off the ship now.""

""We need $entity.catchrelease_fleetQuestAsk. I can offer $entity.catchrelease_fleetQuestReward. $entity.catchreleaseFleetDeadline We've always paid before. That's why they're waiting at all.""",,
catchrelease_fq_tribute_offerOptions,CatchReleaseFleetQuestOfferOptions,$entity.catchrelease_fleetQuestType == tribute,,,"0:catchrelease_fqAccept:I'll take the job.
5:catchrelease_fqAcceptNoPromise:I'll try. No promises. (Accept)
10:catchrelease_fqDecline:Decline.",
catchrelease_fq_tribute_offerOptionsQuestion,CatchReleaseFleetQuestOfferOptions,"$entity.catchrelease_fleetQuestType == tribute
!$entity.catchrelease_fqQuestionAsked",,,8:catchrelease_fqQuestion:What happens if it's late?,
catchrelease_fq_tribute_accept,CatchReleaseFleetQuestAcceptText,$entity.catchrelease_fleetQuestType == tribute,,"""Good. Good. I'll send everything we have."" The display instructions and hand-in code come through. ""Bring it straight back to us. We'll handle the rest.""",,
catchrelease_fq_tribute_acceptNoPromise,CatchReleaseFleetQuestAcceptNoPromiseText,$entity.catchrelease_fleetQuestType == tribute,,"""Please try. We'll put you down for the job.""

The quartermaster sends the display instructions. ""Hail us as soon as you've got it. Any watch. Someone will answer.""",,
catchrelease_fq_tribute_decline,CatchReleaseFleetQuestDeclineText,$entity.catchrelease_fleetQuestType == tribute,,"""Right. Understood."" The quartermaster is already turning away from the pickup. ""Keep calling. Anybody with a rig.""

The channel closes.",,
catchrelease_fq_tribute_waiting,CatchReleaseFleetQuestWaitingText,$entity.catchrelease_fleetQuestType == tribute,CatchReleaseCMD highlightJobText $entity.catchrelease_fleetQuestAsk,"""They're still here. One of the ships moved closer last watch.""

The quartermaster waits for somebody off-channel to stop speaking. ""No, this is our supplier. Captain, have you got $entity.catchrelease_fleetQuestAsk? $entity.catchreleaseFleetDeadlineLeft""",,
catchrelease_fq_tribute_turnIn,CatchReleaseFleetQuestTurnInText,$entity.catchrelease_fleetQuestType == tribute,,"The quartermaster checks the specimen against the display instructions, then calls to somebody outside the cargo office.

""Tell them we've got it. Tell them now.""

Your receipt is signed while the crew prepares the container for another transfer.",,
catchrelease_fq_tribute_question,CatchReleaseFleetQuestQuestionText,$entity.catchrelease_fleetQuestType == tribute,,"""They come aboard. Then we're arguing about what a late fee is while they're standing in the hold.""

The quartermaster lowers their voice. ""Maybe they take cargo. Maybe the claim. And I've got crew who'll say something they shouldn't if it comes to that. I'd rather pay them.""",,
catchrelease_fq_tribute_thanks,CatchReleaseFleetQuestThanksText,$entity.catchrelease_fleetQuestType == tribute,,"""They've accepted it. Yes, they're moving off.""

The quartermaster stays by the pickup until the display confirms the departure. ""We're clear. Your payment's through, Captain. Thank you.""",,
,,,,,,
# fleet quest: reference specimen,,,,,,
catchrelease_fq_reference_specimen_title,CatchReleaseFleetQuestTitle,$entity.catchrelease_fleetQuestType == reference_specimen,,The Reference Specimen,,
catchrelease_fq_reference_specimen_action,CatchReleaseFleetQuestActionText,$entity.catchrelease_fleetQuestType == reference_specimen,,Clearing the impound,,
catchrelease_fq_reference_specimen_intelPurpose,CatchReleaseFleetQuestIntelPurpose,$entity.catchrelease_fleetQuestType == reference_specimen,,"Independent handling contractor $entity.catchreleaseFleetCompany is clearing an impounded hauler under League contract $entity.catchreleaseFleetContract. An origin-stamp discrepancy requires the requested reference specimen before the hauler can be released, and the filing window is limited.",,
catchrelease_fq_reference_specimen_intelTerms,CatchReleaseFleetQuestIntelTerms,$entity.catchrelease_fleetQuestType == reference_specimen,,The League service line authorizes the following subcontract terms.,,
catchrelease_fq_reference_specimen_hail,CatchReleaseFleetQuestHailText,$entity.catchrelease_fleetQuestType == reference_specimen,,"""$entity.catchreleaseFleetCompany, aboard $entity.catchreleaseFleetFlagshipName. We're handling League contract $entity.catchreleaseFleetContract. Can you supply a reference catch?""",,
catchrelease_fq_reference_specimen_pitch,CatchReleaseFleetQuestPitchText,$entity.catchrelease_fleetQuestType == reference_specimen,,"""I've got a sealed hauler waiting on an origin-stamp discrepancy. Most likely a bad manifest, but I can't release it until somebody supplies an outside reference.""

The handler sends you form L-17C. ""Our licence covers handling, not fishing. I can carry the cargo, I can sign for it, but I can't catch the thing that would let us finish the job.""

""We need $entity.catchrelease_fleetQuestAsk. I can subcontract that for $entity.catchrelease_fleetQuestReward. $entity.catchreleaseFleetDeadline""",,
catchrelease_fq_reference_specimen_offerOptions,CatchReleaseFleetQuestOfferOptions,$entity.catchrelease_fleetQuestType == reference_specimen,,,"0:catchrelease_fqAccept:I'll take the subcontract.
5:catchrelease_fqAcceptNoPromise:I'll try. No promises. (Accept)
10:catchrelease_fqDecline:Decline.",
catchrelease_fq_reference_specimen_offerOptionsQuestion,CatchReleaseFleetQuestOfferOptions,"$entity.catchrelease_fleetQuestType == reference_specimen
!$entity.catchrelease_fqQuestionAsked",,,8:catchrelease_fqQuestion:What's wrong with the cargo?,
catchrelease_fq_reference_specimen_accept,CatchReleaseFleetQuestAcceptText,$entity.catchrelease_fleetQuestType == reference_specimen,,"""Good. Three documents coming through. Different seals, same job. Keep them together when you send the catch over.""",,
catchrelease_fq_reference_specimen_acceptNoPromise,CatchReleaseFleetQuestAcceptNoPromiseText,$entity.catchrelease_fleetQuestType == reference_specimen,,"""All right. I'll tell the hauler we're working on it.""

The handler sends the paperwork. ""That should buy me a quiet watch.""",,
catchrelease_fq_reference_specimen_decline,CatchReleaseFleetQuestDeclineText,$entity.catchrelease_fleetQuestType == reference_specimen,,"""No harm done. Back to the backlog. $entity.catchreleaseFleetFlagshipName out.""",,
catchrelease_fq_reference_specimen_waiting,CatchReleaseFleetQuestWaitingText,$entity.catchrelease_fleetQuestType == reference_specimen,,"""Still need $entity.catchrelease_fleetQuestAsk. There's an L-14B extension form involved now, and my fee has not increased. $entity.catchreleaseFleetDeadlineLeft""",,
catchrelease_fq_reference_specimen_turnIn,CatchReleaseFleetQuestTurnInText,$entity.catchrelease_fleetQuestType == reference_specimen,,"A technician compares your specimen with the hauler's sample record. The handler checks the completed test, adds a seal to the release form, and sends it to the waiting dock crew.

The impound tags come off. The hauler's tug lights come on before the receipt has finished transmitting.",,
catchrelease_fq_reference_specimen_question,CatchReleaseFleetQuestQuestionText,$entity.catchrelease_fleetQuestType == reference_specimen,,"""The origin stamp says $entity.catchreleaseFleetOriginStamp. The sample profile says $entity.catchreleaseFleetProfileOrigin. The registry refers us to volume $entity.catchreleaseFleetRegistryVolume, which the League database doesn't have.""

The handler sends the discrepancy notice. ""Case $entity.catchreleaseFleetDiscrepancyCode. You can see why I'd like an outside specimen rather than another opinion.""",,
catchrelease_fq_reference_specimen_thanks,CatchReleaseFleetQuestThanksText,$entity.catchrelease_fleetQuestType == reference_specimen,,"""$entity.catchreleaseFleetContract is closed. Which means $entity.catchreleaseFleetCompany can finally invoice for it.""

The handler watches the freed hauler move off. ""Thank you, Captain. I'll try to finish the next one without involving another ship. $entity.catchreleaseFleetFlagshipName out.""",,
,,,,,,
# fleet quest: quiet ship,,,,,,
catchrelease_fq_quiet_ship_title,CatchReleaseFleetQuestTitle,$entity.catchrelease_fleetQuestType == quiet_ship,,The Quiet Ship,,
catchrelease_fq_quiet_ship_action,CatchReleaseFleetQuestActionText,$entity.catchrelease_fleetQuestType == quiet_ship,,Maintaining the relay run,,
catchrelease_fq_quiet_ship_intelPurpose,CatchReleaseFleetQuestIntelPurpose,$entity.catchrelease_fleetQuestType == quiet_ship,,"The maintenance crew of $entity.catchreleaseFleetFlagshipName keeps a catch aboard during the long $entity.catchreleaseFleetRelayRun. The last rotation took its specimen away, and the chief wants the tank occupied again. Technicians have been reporting a whispering they cannot trace.",,
catchrelease_fq_quiet_ship_intelTerms,CatchReleaseFleetQuestIntelTerms,$entity.catchrelease_fleetQuestType == quiet_ship,,The chief's request has the following terms.,,
catchrelease_fq_quiet_ship_hail,CatchReleaseFleetQuestHailText,$entity.catchrelease_fleetQuestType == quiet_ship,,"""Maintenance tender $entity.catchreleaseFleetFlagshipName. Chief here. I've got a private request. Bit outside the usual stores list.""",,
catchrelease_fq_quiet_ship_pitch,CatchReleaseFleetQuestPitchText,$entity.catchrelease_fleetQuestType == quiet_ship,CatchReleaseCMD highlightJobText $entity.catchrelease_fleetQuestReward,"""We're on $entity.catchreleaseFleetRelayRun. Long way round, thin fabric most of the trip. The technicians have been logging a whispering we can't trace to any of the equipment.""

The chief lowers their voice. ""Boats on this run keep a catch in the mess. Always have. The last rotation took ours, and we sailed before I got another.""

""I want $entity.catchrelease_fleetQuestAsk. I've cleared $entity.catchrelease_fleetQuestReward for it. $entity.catchreleaseFleetDeadline""",,
catchrelease_fq_quiet_ship_offerOptions,CatchReleaseFleetQuestOfferOptions,$entity.catchrelease_fleetQuestType == quiet_ship,,,"0:catchrelease_fqAccept:I'll take the job.
5:catchrelease_fqAcceptNoPromise:I'll try. No promises. (Accept)
10:catchrelease_fqDecline:Decline.",
catchrelease_fq_quiet_ship_offerOptionsQuestion,CatchReleaseFleetQuestOfferOptions,"$entity.catchrelease_fleetQuestType == quiet_ship
!$entity.catchrelease_fqQuestionAsked",,,8:catchrelease_fqQuestion:What does it actually do?,
catchrelease_fq_quiet_ship_accept,CatchReleaseFleetQuestAcceptText,$entity.catchrelease_fleetQuestType == quiet_ship,,"""Good. The tank's ready. Just hail us when you're coming in.""",,
catchrelease_fq_quiet_ship_acceptNoPromise,CatchReleaseFleetQuestAcceptNoPromiseText,$entity.catchrelease_fleetQuestType == quiet_ship,,"""Try for it. I'll put the order in your name. If you get the catch, bring it straight here.""",,
catchrelease_fq_quiet_ship_decline,CatchReleaseFleetQuestDeclineText,$entity.catchrelease_fleetQuestType == quiet_ship,,"""Fair enough. We'll keep asking around. $entity.catchreleaseFleetFlagshipName out.""",,
catchrelease_fq_quiet_ship_waiting,CatchReleaseFleetQuestWaitingText,$entity.catchrelease_fleetQuestType == quiet_ship,CatchReleaseCMD highlightJobText $entity.catchrelease_fleetQuestAsk,"""Still on $entity.catchreleaseFleetRelayRun. Still got an empty tank. Have you found $entity.catchrelease_fleetQuestAsk? $entity.catchreleaseFleetDeadlineLeft""",,
catchrelease_fq_quiet_ship_turnIn,CatchReleaseFleetQuestTurnInText,$entity.catchrelease_fleetQuestType == quiet_ship,,"A technician takes the specimen to a tank bracketed against the mess bulkhead. The locking slots are worn bright, and older names show through the paint beneath the current stencil.

The chief checks that the brackets are secure, then leaves the technician to settle the catch in.",,
catchrelease_fq_quiet_ship_question,CatchReleaseFleetQuestQuestionText,$entity.catchrelease_fleetQuestType == quiet_ship,,"""It helps.""

The chief waits, apparently considering that enough of an answer.

""We had a catch aboard last time. I'd like one aboard this time.""",,
catchrelease_fq_quiet_ship_thanks,CatchReleaseFleetQuestThanksText,$entity.catchrelease_fleetQuestType == quiet_ship,,"Two technicians are arguing over a parts allotment behind the chief.

""Back to the usual complaints. I'll take it. Thanks for bringing the catch, Captain. We've got relays to keep working. $entity.catchreleaseFleetFlagshipName out.""",,
,,,,,,
# fleet quest: exhibit,,,,,,
catchrelease_fq_exhibit_title,CatchReleaseFleetQuestTitle,$entity.catchrelease_fleetQuestType == exhibit,,The Exhibit,,
catchrelease_fq_exhibit_action,CatchReleaseFleetQuestActionText,$entity.catchrelease_fleetQuestType == exhibit,,Holding for evidence delivery,,
catchrelease_fq_exhibit_intelPurpose,CatchReleaseFleetQuestIntelPurpose,$entity.catchrelease_fleetQuestType == exhibit,,"Bonded hauler $entity.catchreleaseFleetFlagshipName, operated by $entity.catchreleaseFleetCompany, is carrying Hegemony exhibit $entity.catchreleaseFleetExhibit, which no longer matches its documented measurements. The operator needs a replacement before the delivery deadline to avoid forfeiting custody bond $entity.catchreleaseFleetBond.",,
catchrelease_fq_exhibit_intelTerms,CatchReleaseFleetQuestIntelTerms,$entity.catchrelease_fleetQuestType == exhibit,,The operator's replacement request has the following terms.,,
catchrelease_fq_exhibit_hail,CatchReleaseFleetQuestHailText,$entity.catchrelease_fleetQuestType == exhibit,,"""This is $entity.catchreleaseFleetCompany, owner-operator aboard $entity.catchreleaseFleetFlagshipName. I've got a custody problem and not much time.""",,
catchrelease_fq_exhibit_pitch,CatchReleaseFleetQuestPitchText,$entity.catchrelease_fleetQuestType == exhibit,,"""We're bonded to carry a confiscated specimen for a Hegemony prosecution. Exhibit $entity.catchreleaseFleetExhibit. It matched the evidence log when it left impound. It doesn't match now.""

The operator shows you the custody agreement. ""They call it handling failure. If it fails inspection, bond $entity.catchreleaseFleetBond is forfeit, and $entity.catchreleaseFleetCompany folds.""

""I need $entity.catchrelease_fleetQuestAsk. I can offer $entity.catchrelease_fleetQuestReward. $entity.catchreleaseFleetDeadline""",,
catchrelease_fq_exhibit_offerOptions,CatchReleaseFleetQuestOfferOptions,$entity.catchrelease_fleetQuestType == exhibit,,,"0:catchrelease_fqAccept:I'll take the job.
5:catchrelease_fqAcceptNoPromise:I'll try. No promises. (Accept)
10:catchrelease_fqDecline:Decline.",
catchrelease_fq_exhibit_offerOptionsExtraQuestion,CatchReleaseFleetQuestOfferOptions,"$entity.catchrelease_fleetQuestType == exhibit
!$entity.catchrelease_fqExtraQuestionAsked",,,7:catchrelease_fqExtraQuestion:You're asking me to help fake Navy evidence.,
catchrelease_fq_exhibit_offerOptionsQuestion,CatchReleaseFleetQuestOfferOptions,"$entity.catchrelease_fleetQuestType == exhibit
!$entity.catchrelease_fqQuestionAsked",,,8:catchrelease_fqQuestion:What happened to the original?,
catchrelease_fq_exhibit_accept,CatchReleaseFleetQuestAcceptText,$entity.catchrelease_fleetQuestType == exhibit,,"""All right. The evidence log has the measurements. I'll send it with the receiving instructions.""

The operator leaves the Navy seal on the copy sent to you.",,
catchrelease_fq_exhibit_acceptNoPromise,CatchReleaseFleetQuestAcceptNoPromiseText,$entity.catchrelease_fleetQuestType == exhibit,,"""Please call as soon as you have something. I can have a transfer crew out while you make your approach.""

The operator sends the order before the sentence is finished.",,
catchrelease_fq_exhibit_decline,CatchReleaseFleetQuestDeclineText,$entity.catchrelease_fleetQuestType == exhibit,,"""Right. I need to keep looking, then. $entity.catchreleaseFleetFlagshipName out.""",,
catchrelease_fq_exhibit_waiting,CatchReleaseFleetQuestWaitingText,$entity.catchrelease_fleetQuestType == exhibit,,"""The delivery date hasn't moved. I still need $entity.catchrelease_fleetQuestAsk. $entity.catchreleaseFleetDeadlineLeft""",,
catchrelease_fq_exhibit_turnIn,CatchReleaseFleetQuestTurnInText,$entity.catchrelease_fleetQuestType == exhibit,,"The operator measures your specimen against the evidence log. A deckhand seals the container under exhibit $entity.catchreleaseFleetExhibit while the operator signs the transfer.

The original handling report goes into the same folder. Whatever happens at inspection, it will travel with the replacement.",,
catchrelease_fq_exhibit_question,CatchReleaseFleetQuestQuestionText,$entity.catchrelease_fleetQuestType == exhibit,,"""The container's intact. That's the first thing we checked.""

The operator sends the handling report for exhibit $entity.catchreleaseFleetExhibit. ""Mass return $entity.catchreleaseFleetMassReturn. Inconsistent readings. Configuration not retained. They put it down as equipment-failure code $entity.catchreleaseFleetFailureCode.""

""I've asked which piece of equipment. They keep sending me the same report.""",,
catchrelease_fq_exhibit_thanks,CatchReleaseFleetQuestThanksText,$entity.catchrelease_fleetQuestType == exhibit,,"""They've cleared the bond. $entity.catchreleaseFleetCompany keeps $entity.catchreleaseFleetFlagshipName.""

The operator closes the file. ""I'd started pricing my tools for sale. Glad I won't need that list. $entity.catchreleaseFleetFlagshipName out.""",,
catchrelease_fq_exhibit_extraQuestion,CatchReleaseFleetQuestExtraQuestionText,$entity.catchrelease_fleetQuestType == exhibit,,"""I'm asking you to help keep my ship. The confiscation happened, the prosecution's going ahead, and I'm the carrier whose storage failed.""

The operator keeps the custody agreement on screen. ""If they reject the delivery, I lose the bond. I may face charges as well. I'm not pretending this is a comfortable job, Captain.""",,
,,,,,,
# fleet quest: headliner,,,,,,
catchrelease_fq_headliner_title,CatchReleaseFleetQuestTitle,$entity.catchrelease_fleetQuestType == headliner,,The Headliner,,
catchrelease_fq_headliner_action,CatchReleaseFleetQuestActionText,$entity.catchrelease_fleetQuestType == headliner,,Waiting for the Show,,
catchrelease_fq_headliner_intelPurpose,CatchReleaseFleetQuestIntelPurpose,$entity.catchrelease_fleetQuestType == headliner,,The exhibition vessel $entity.catchreleaseFleetFlagshipName has lost the headline specimen for $entity.catchreleaseFleetShow shortly before a booking at $entity.catchreleaseFleetBookedPort. The impresario needs a replacement to keep the show on the road.,,
catchrelease_fq_headliner_intelTerms,CatchReleaseFleetQuestIntelTerms,$entity.catchrelease_fleetQuestType == headliner,,The impresario offers the following terms.,,
catchrelease_fq_headliner_hail,CatchReleaseFleetQuestHailText,$entity.catchrelease_fleetQuestType == headliner,,"""This is $entity.catchreleaseFleetShow, aboard $entity.catchreleaseFleetFlagshipName. Captain, I've lost one of my exhibits at a very inconvenient time. I think you may be able to help.""",,
catchrelease_fq_headliner_pitch,CatchReleaseFleetQuestPitchText,$entity.catchrelease_fleetQuestType == headliner,,"""We have tickets sold at $entity.catchreleaseFleetBookedPort, and the headline tank is empty.""

The impresario shows you the livestock manifest. ""According to this, the specimen is still aboard. According to the tank, we have a great deal of very expensive water. I've had a long conversation with the handlers about both of those facts.""

""$entity.catchreleaseFleetReplacementPlan I need $entity.catchrelease_fleetQuestAsk. The offer is $entity.catchrelease_fleetQuestReward. $entity.catchreleaseFleetDeadline""",,
catchrelease_fq_headliner_offerOptions,CatchReleaseFleetQuestOfferOptions,$entity.catchrelease_fleetQuestType == headliner,,,"0:catchrelease_fqAccept:I'll take the job.
5:catchrelease_fqAcceptNoPromise:I'll try. No promises. (Accept)
10:catchrelease_fqDecline:Decline.",
catchrelease_fq_headliner_offerOptionsExtraQuestion,CatchReleaseFleetQuestOfferOptions,"$entity.catchrelease_fleetQuestType == headliner
!$entity.catchrelease_fqExtraQuestionAsked",,,7:catchrelease_fqExtraQuestion:Where did your headliner go?,
catchrelease_fq_headliner_offerOptionsQuestion,CatchReleaseFleetQuestOfferOptions,"$entity.catchrelease_fleetQuestType == headliner
!$entity.catchrelease_fqQuestionAsked",,,8:catchrelease_fqQuestion:What if you open without it?,
catchrelease_fq_headliner_accept,CatchReleaseFleetQuestAcceptText,$entity.catchrelease_fleetQuestType == headliner,,"""Splendid. I'll send the handlers' specifications. Bring the specimen to us and I'll take care of getting it in front of the audience at $entity.catchreleaseFleetBookedPort.""",,
catchrelease_fq_headliner_acceptNoPromise,CatchReleaseFleetQuestAcceptNoPromiseText,$entity.catchrelease_fleetQuestType == headliner,,"""An uncertain supplier is still a supplier. I'll book you for the job. The delivery terms are in the request; we need the specimen for $entity.catchreleaseFleetBookedPort.""",,
catchrelease_fq_headliner_decline,CatchReleaseFleetQuestDeclineText,$entity.catchrelease_fleetQuestType == headliner,,"""A pity. I'll keep looking."" The impresario is already reaching for another comm control. ""$entity.catchreleaseFleetFlagshipName out.""",,
catchrelease_fq_headliner_waiting,CatchReleaseFleetQuestWaitingText,$entity.catchrelease_fleetQuestType == headliner,CatchReleaseCMD highlightJobText $entity.catchrelease_fleetQuestAsk,"The billing for $entity.catchreleaseFleetShow is open on the impresario's display.

""I still need $entity.catchrelease_fleetQuestAsk for the booking at $entity.catchreleaseFleetBookedPort. $entity.catchreleaseFleetDeadlineLeft Have you had any luck?""",,
catchrelease_fq_headliner_turnIn,CatchReleaseFleetQuestTurnInText,$entity.catchrelease_fleetQuestType == headliner,,"The handlers take the container while the impresario checks the specimen against the request.

""Yes. We can use that."" He signs your receipt and calls one of the handlers back. ""Get the billing changed before anyone prints another batch. Not after. Before.""",,
catchrelease_fq_headliner_question,CatchReleaseFleetQuestQuestionText,$entity.catchrelease_fleetQuestType == headliner,CatchReleaseCMD highlightJobText $entity.catchrelease_fleetQuestReward,"""I've done that. You spend the evening explaining why the thing on the poster isn't in the tank, and the following morning refunding people who didn't care for the explanation.""

He brings up the offer again. ""I'd rather pay $entity.catchrelease_fleetQuestReward for the specimen.""",,
catchrelease_fq_headliner_thanks,CatchReleaseFleetQuestThanksText,$entity.catchrelease_fleetQuestType == headliner,,"""Good. $entity.catchreleaseFleetShow keeps its booking at $entity.catchreleaseFleetBookedPort."" The impresario glances over the amended billing. ""You've saved me a great deal of explaining.""",,
catchrelease_fq_headliner_extraQuestion,CatchReleaseFleetQuestExtraQuestionText,$entity.catchrelease_fleetQuestType == headliner,,"""If the handlers could tell me, I'd have them fetch it. They've checked the seals, the drains, the manifest and one another's work.""

He turns the pickup toward the empty tank. ""This is as far as the investigation has got.""",,
,,,,,,
# fleet quest: follower,,,,,,
catchrelease_fq_follower_title,CatchReleaseFleetQuestTitle,$entity.catchrelease_fleetQuestType == follower,,The Follower,,
catchrelease_fq_follower_action,CatchReleaseFleetQuestActionText,$entity.catchrelease_fleetQuestType == follower,,Holding off-lane,,
catchrelease_fq_follower_intelPurpose,CatchReleaseFleetQuestIntelPurpose,$entity.catchrelease_fleetQuestType == follower,,Hegemony logistics formation $entity.catchreleaseFleetFlagshipName is holding off-lane with an unidentified sensor contact maintaining station nearby. A crewman's proposed fishing remedy has become an official requisition for $entity.catchrelease_fleetQuestAsk.,,
catchrelease_fq_follower_intelTerms,CatchReleaseFleetQuestIntelTerms,$entity.catchrelease_fleetQuestType == follower,,The Navy service request is recorded on the following terms.,,
catchrelease_fq_follower_hail,CatchReleaseFleetQuestHailText,$entity.catchrelease_fleetQuestType == follower,,"""Hegemony logistics formation $entity.catchreleaseFleetFlagshipName. We require a civilian fishing contractor. Respond on the private channel.""",,
catchrelease_fq_follower_pitch,CatchReleaseFleetQuestPitchText,$entity.catchrelease_fleetQuestType == follower,,"""An unidentified contact has held station with us for three days. Passive return strength $entity.catchreleaseFleetReturnStrength, offset $entity.catchreleaseFleetStationOffset. Active scans lose it. Back on passive, it's there again.""

The escort commander sends the maneuver record.

""I won't take it toward inhabited space. One of my crew served on fishing boats. He recommends releasing a specimen these contacts have been known to follow.""

The commander hesitates.

""That recommendation is going in my incident log. I'd appreciate having a result to put beside it.""

""We require $entity.catchrelease_fleetQuestAsk. Authorized payment is $entity.catchrelease_fleetQuestReward. $entity.catchreleaseFleetDeadline""",,
catchrelease_fq_follower_offerOptions,CatchReleaseFleetQuestOfferOptions,$entity.catchrelease_fleetQuestType == follower,,,"0:catchrelease_fqAccept:I'll take the job.
5:catchrelease_fqAcceptNoPromise:I'll try. No promises. (Accept)
10:catchrelease_fqDecline:Decline.",
catchrelease_fq_follower_offerOptionsQuestion,CatchReleaseFleetQuestOfferOptions,"$entity.catchrelease_fleetQuestType == follower
!$entity.catchrelease_fqQuestionAsked",,,8:catchrelease_fqQuestion:What exactly is following you?,
catchrelease_fq_follower_accept,CatchReleaseFleetQuestAcceptText,$entity.catchrelease_fleetQuestType == follower,,"""Accepted. I'll transmit the request and the voucher authorization. Hail us when you have it.""",,
catchrelease_fq_follower_acceptNoPromise,CatchReleaseFleetQuestAcceptNoPromiseText,$entity.catchrelease_fleetQuestType == follower,,"""Understood. Transmitting the requisition.""

The commander turns to the watch officer. ""Log that we have a supplier. Leave the remedy listed as unconfirmed.""",,
catchrelease_fq_follower_decline,CatchReleaseFleetQuestDeclineText,$entity.catchrelease_fleetQuestType == follower,,"""Understood. We'll maintain position and seek another contractor. $entity.catchreleaseFleetFlagshipName out.""",,
catchrelease_fq_follower_waiting,CatchReleaseFleetQuestWaitingText,$entity.catchrelease_fleetQuestType == follower,,"""The contact is still at station. We still require $entity.catchrelease_fleetQuestAsk. $entity.catchreleaseFleetDeadlineLeft""",,
catchrelease_fq_follower_turnIn,CatchReleaseFleetQuestTurnInText,$entity.catchrelease_fleetQuestType == follower,,"The crewman who made the recommendation checks your specimen and supervises its release clear of the formation.

On the sensor plot, $entity.catchreleaseFleetContactDesignation leaves its station and follows the release bearing. The return weakens until tracking is lost. The commander has the watch officer enter the time.",,
catchrelease_fq_follower_question,CatchReleaseFleetQuestQuestionText,$entity.catchrelease_fleetQuestType == follower,,"""$entity.catchreleaseFleetContactDesignation. Return strength $entity.catchreleaseFleetReturnStrength, station offset $entity.catchreleaseFleetStationOffset, reacquisition $entity.catchreleaseFleetReacquisition.""

The commander sends the tracking record.

""Look at the first entry. One watch before we arrived in-system. The time-sync query came back unresolved.""

""I've had the watch officers check it. Separately.""",,
catchrelease_fq_follower_thanks,CatchReleaseFleetQuestThanksText,$entity.catchrelease_fleetQuestType == follower,,"The logistics train forms up on its original course.

""Incident filed under the nearest available category: navigational interference, source unclassified.""

The commander looks across the compartment. ""Good call, crewman."" Then, back to you: ""We're resuming assigned course. $entity.catchreleaseFleetFlagshipName out.""",,
,,,,,,
# fleet quest: state dinner,,,,,,
catchrelease_fq_state_dinner_title,CatchReleaseFleetQuestTitle,$entity.catchrelease_fleetQuestType == state_dinner,,The State Dinner,,
catchrelease_fq_state_dinner_action,CatchReleaseFleetQuestActionText,$entity.catchrelease_fleetQuestType == state_dinner,,Holding for the official dinner,,
catchrelease_fq_state_dinner_intelPurpose,CatchReleaseFleetQuestIntelPurpose,$entity.catchrelease_fleetQuestType == state_dinner,,"The Diktat protocol vessel $entity.catchreleaseFleetFlagshipName is provisioning an official dinner. The requested main course arrived without its required accompaniment, and the protocol officer cannot remove it from the menu without offending the guest of honor. You are to supply $entity.catchrelease_fleetQuestAsk.",,
catchrelease_fq_state_dinner_intelTerms,CatchReleaseFleetQuestIntelTerms,$entity.catchrelease_fleetQuestType == state_dinner,,The emergency procurement order offers the following terms.,,
catchrelease_fq_state_dinner_hail,CatchReleaseFleetQuestHailText,$entity.catchrelease_fleetQuestType == state_dinner,,"""Protocol vessel $entity.catchreleaseFleetFlagshipName, under official seal of the Sindrian Diktat.""",,
catchrelease_fq_state_dinner_pitch,CatchReleaseFleetQuestPitchText,$entity.catchrelease_fleetQuestType == state_dinner,CatchReleaseCMD highlightJobText $entity.catchrelease_fleetQuestReward,"""We are provisioning an official dinner. The guest of honor has requested $entity.catchreleaseFleetCourse, and the supplier delivered it without the necessary accompaniment.""

The protocol officer remains very still. ""Removing the course would be taken as an insult. That is not an acceptable amendment to the program.""

""We require $entity.catchrelease_fleetQuestAsk. Payment of $entity.catchrelease_fleetQuestReward is authorized. $entity.catchreleaseFleetDeadline""",,
catchrelease_fq_state_dinner_offerOptions,CatchReleaseFleetQuestOfferOptions,$entity.catchrelease_fleetQuestType == state_dinner,,,"0:catchrelease_fqAccept:I'll take the job.
5:catchrelease_fqAcceptNoPromise:I'll try. No promises. (Accept)
10:catchrelease_fqDecline:Decline.",
catchrelease_fq_state_dinner_offerOptionsQuestion,CatchReleaseFleetQuestOfferOptions,"$entity.catchrelease_fleetQuestType == state_dinner
!$entity.catchrelease_fqQuestionAsked",,,8:catchrelease_fqQuestion:What happens if they eat it without?,
catchrelease_fq_state_dinner_accept,CatchReleaseFleetQuestAcceptText,$entity.catchrelease_fleetQuestType == state_dinner,,"""Accepted. I will transmit the procurement order and galley receiving instructions.""

The documents arrive under the vessel's official seal.",,
catchrelease_fq_state_dinner_acceptNoPromise,CatchReleaseFleetQuestAcceptNoPromiseText,$entity.catchrelease_fleetQuestType == state_dinner,,"""The procurement order will be assigned to you. Please observe its delivery terms and contact us as soon as the stock is aboard.""",,
catchrelease_fq_state_dinner_decline,CatchReleaseFleetQuestDeclineText,$entity.catchrelease_fleetQuestType == state_dinner,,"""Understood. Procurement will continue through other channels. $entity.catchreleaseFleetFlagshipName out.""",,
catchrelease_fq_state_dinner_waiting,CatchReleaseFleetQuestWaitingText,$entity.catchrelease_fleetQuestType == state_dinner,,"""The menu remains as approved. We still require $entity.catchrelease_fleetQuestAsk. $entity.catchreleaseFleetDeadlineLeft""

The officer pauses to refuse a proposed change to the seating plan.",,
catchrelease_fq_state_dinner_turnIn,CatchReleaseFleetQuestTurnInText,$entity.catchrelease_fleetQuestType == state_dinner,,"The galley staff check the containers against the procurement order. The chef inspects the delivery personally before allowing it into storage.

""This is for the head table. Label every container.""

The protocol officer signs your receipt once the chef has accepted the lot.",,
catchrelease_fq_state_dinner_question,CatchReleaseFleetQuestQuestionText,$entity.catchrelease_fleetQuestType == state_dinner,,"""The attending physician expects symptoms during the meal, followed by approximately three days in which affected guests should make no public appearances.""

The officer closes the memorandum. ""The course is to be served. We are obtaining the accompaniment.""",,
catchrelease_fq_state_dinner_thanks,CatchReleaseFleetQuestThanksText,$entity.catchrelease_fleetQuestType == state_dinner,,"""The galley has accepted the delivery, and the dinner preparations can proceed as ordered.""

The protocol officer checks your name on the receipt. ""Your assistance will be recorded, Captain. $entity.catchreleaseFleetFlagshipName out.""",,
,,,,,,
# fleet quest: claim assay,,,,,,
catchrelease_fq_claim_assay_title,CatchReleaseFleetQuestTitle,$entity.catchrelease_fleetQuestType == claim_assay,,The Claim Assay,,
catchrelease_fq_claim_assay_action,CatchReleaseFleetQuestActionText,$entity.catchrelease_fleetQuestType == claim_assay,,Holding for claim renewal,,
catchrelease_fq_claim_assay_intelPurpose,CatchReleaseFleetQuestIntelPurpose,$entity.catchrelease_fleetQuestType == claim_assay,,The prospectors aboard $entity.catchreleaseFleetFlagshipName risk losing their survey rights in $entity.catchreleaseFleetSystem. Their contract officer has found a cheap way to renew the claim: a live specimen caught in that system after you accept the job. A rival survey ship is waiting for the rights to lapse.,,
catchrelease_fq_claim_assay_intelTerms,CatchReleaseFleetQuestIntelTerms,$entity.catchrelease_fleetQuestType == claim_assay,,The subcontract is recorded on the following terms.,,
catchrelease_fq_claim_assay_hail,CatchReleaseFleetQuestHailText,$entity.catchrelease_fleetQuestType == claim_assay,,"""Tri-Tachyon prospecting fleet $entity.catchreleaseFleetFlagshipName. Priority commercial request regarding claim file $entity.catchreleaseFleetCharter.""",,
catchrelease_fq_claim_assay_pitch,CatchReleaseFleetQuestPitchText,$entity.catchrelease_fleetQuestType == claim_assay,CatchReleaseCMD highlightJobText $entity.catchrelease_fleetQuestAsk,"""Before we discuss payment, captain, I should explain why the date of capture matters.""

The contract officer sends you claim file $entity.catchreleaseFleetCharter, with one paragraph marked.

""Our rights in $entity.catchreleaseFleetSystem require proof of biological viability. This was originally a terrestrial claim form. Legal has confirmed that a live local specimen will satisfy it.""

""Our own attempt cost us a retrieval rig. Nobody was hurt, but I have no intention of authorizing another attempt when I can hire someone with the proper equipment.""

The officer scrolls past several pages of definitions to the order.

""$entity.catchrelease_fleetQuestAsk, caught in $entity.catchreleaseFleetSystem after you accept. We pay $entity.catchrelease_fleetQuestReward. $entity.catchreleaseFleetDeadline""

""Please check the capture record before delivery. I cannot accept a specimen without it, however obvious its origin may seem.""",,
catchrelease_fq_claim_assay_offerOptions,CatchReleaseFleetQuestOfferOptions,$entity.catchrelease_fleetQuestType == claim_assay,,,"0:catchrelease_fqAccept:I'll take the contract.
5:catchrelease_fqAcceptNoPromise:I'll try. No promises. (Accept)
10:catchrelease_fqDecline:Decline.",
catchrelease_fq_claim_assay_offerOptionsExtraQuestion,CatchReleaseFleetQuestOfferOptions,"$entity.catchrelease_fleetQuestType == claim_assay
!$entity.catchrelease_fqExtraQuestionAsked",,,7:catchrelease_fqExtraQuestion:Who's the other survey ship?,
catchrelease_fq_claim_assay_offerOptionsQuestion,CatchReleaseFleetQuestOfferOptions,"$entity.catchrelease_fleetQuestType == claim_assay
!$entity.catchrelease_fqQuestionAsked",,,8:catchrelease_fqQuestion:What happened to your retrieval attempt?,
catchrelease_fq_claim_assay_accept,CatchReleaseFleetQuestAcceptText,$entity.catchrelease_fleetQuestType == claim_assay,,"""Accepted. I'll transmit the claim extract and the capture logging requirements.""

The contract packet arrives with every page already countersigned.",,
catchrelease_fq_claim_assay_acceptNoPromise,CatchReleaseFleetQuestAcceptNoPromiseText,$entity.catchrelease_fleetQuestType == claim_assay,,"""Then I'll register you as the supplier. The contract does not require you to guarantee a successful catch; it does require you to meet the specifications before we pay.""

The countersigned order arrives a moment later.",,
catchrelease_fq_claim_assay_decline,CatchReleaseFleetQuestDeclineText,$entity.catchrelease_fleetQuestType == claim_assay,,"""Understood. We'll source elsewhere. $entity.catchreleaseFleetFlagshipName out.""",,
catchrelease_fq_claim_assay_waiting,CatchReleaseFleetQuestWaitingText,$entity.catchrelease_fleetQuestType == claim_assay,CatchReleaseCMD highlightJobText $entity.catchrelease_fleetQuestAsk,"""The other survey ship is still at the jump point. Their captain sent us a very polite inquiry about our departure plans.""

The officer opens your order. ""$entity.catchrelease_fleetQuestAsk, caught in $entity.catchreleaseFleetSystem under this contract. $entity.catchreleaseFleetDeadlineLeft""",,
catchrelease_fq_claim_assay_turnIn,CatchReleaseFleetQuestTurnInText,$entity.catchrelease_fleetQuestType == claim_assay,,"The prospecting crew photographs the specimen beside the capture record.
The contract officer verifies the timestamp and $entity.catchreleaseFleetSystem coordinates, then appends both to claim file $entity.catchreleaseFleetCharter.

The updated file goes out before the specimen is moved to storage.",,
catchrelease_fq_claim_assay_question,CatchReleaseFleetQuestQuestionText,$entity.catchrelease_fleetQuestType == claim_assay,,"""Equipment failure. $entity.catchreleaseFleetWriteoff written off."" The officer finds the relevant entry. ""The crew got clear.""

""Engineering proposed a second attempt. I asked for a cost estimate. That's when we started looking for a supplier.""",,
catchrelease_fq_claim_assay_thanks,CatchReleaseFleetQuestThanksText,$entity.catchrelease_fleetQuestType == claim_assay,,"""Renewal approved.""

The officer lets the confirmation remain on screen a moment before closing it.

""Thank you, captain. I can stop answering questions about that ship at the jump point now.""",,
catchrelease_fq_claim_assay_extraQuestion,CatchReleaseFleetQuestExtraQuestionText,$entity.catchrelease_fleetQuestType == claim_assay,,"""An unaffiliated surveyor. I won't give you their name, captain. They haven't violated our rights, and I don't want a commercial dispute turning into an incident.""

The officer checks the traffic log. ""They've been there $entity.catchreleaseFleetCompetitorLoiter. Enough fuel aboard for $entity.catchreleaseFleetCompetitorEndurance, by our estimate.""

""We were rather hoping they'd get bored.""",,
,,,,,,
# fleet quest: mandate,,,,,,
catchrelease_fq_mandate_title,CatchReleaseFleetQuestTitle,$entity.catchrelease_fleetQuestType == mandate,,The Mandate,,
catchrelease_fq_mandate_action,CatchReleaseFleetQuestActionText,$entity.catchrelease_fleetQuestType == mandate,,Closing the expedition mandate,,
catchrelease_fq_mandate_intelPurpose,CatchReleaseFleetQuestIntelPurpose,$entity.catchrelease_fleetQuestType == mandate,,"An Academy expedition aboard $entity.catchreleaseFleetFlagshipName has lost its retrieval rig with one specimen still needed to complete its work. The principal investigator is offering the remaining contingency funds for a catch of abyssal origin, hoping to finish before the convoy leaves.",,
catchrelease_fq_mandate_intelTerms,CatchReleaseFleetQuestIntelTerms,$entity.catchrelease_fleetQuestType == mandate,,The expedition's contingency request is recorded on the following terms.,,
catchrelease_fq_mandate_hail,CatchReleaseFleetQuestHailText,$entity.catchrelease_fleetQuestType == mandate,,"""Science expedition $entity.catchreleaseFleetFlagshipName, operating under mandate $entity.catchreleaseFleetMandate. We could use your help.""",,
catchrelease_fq_mandate_pitch,CatchReleaseFleetQuestPitchText,$entity.catchrelease_fleetQuestType == mandate,CatchReleaseCMD highlightJobText $entity.catchrelease_fleetQuestReward,"""I've brought back years of survey work, captain. Samples, telemetry, enough analysis to keep a department occupied. But the mandate lists a live abyssal specimen, and we don't have one.""

The principal investigator sends you the outstanding requirement under mandate $entity.catchreleaseFleetMandate.

""$entity.catchrelease_fleetQuestAsk. We lost the rig trying to get it. I can't replace the equipment out here, and the escort won't delay departure for another attempt.""

""There's $entity.catchrelease_fleetQuestReward left in the contingency allocation. $entity.catchreleaseFleetDeadline""

""I would prefer to spend it on a specimen than explain, at considerable length, why we haven't got one.""",,
catchrelease_fq_mandate_offerOptions,CatchReleaseFleetQuestOfferOptions,$entity.catchrelease_fleetQuestType == mandate,,,"0:catchrelease_fqAccept:I'll take the job.
5:catchrelease_fqAcceptNoPromise:I'll try. No promises. (Accept)
10:catchrelease_fqDecline:Decline.",
catchrelease_fq_mandate_offerOptionsQuestion,CatchReleaseFleetQuestOfferOptions,"$entity.catchrelease_fleetQuestType == mandate
!$entity.catchrelease_fqQuestionAsked",,,8:catchrelease_fqQuestion:What happened to your rig?,
catchrelease_fq_mandate_accept,CatchReleaseFleetQuestAcceptText,$entity.catchrelease_fleetQuestType == mandate,,"""Good. I'll transmit the mandate extract and the provenance requirements.""

They arrive a moment later.",,
catchrelease_fq_mandate_acceptNoPromise,CatchReleaseFleetQuestAcceptNoPromiseText,$entity.catchrelease_fleetQuestType == mandate,,"""I know what I'm asking you to retrieve. I won't demand a guarantee.""

The investigator sends the order. ""I'll put you down for the attempt. Please keep the provenance record with the specimen.""",,
catchrelease_fq_mandate_decline,CatchReleaseFleetQuestDeclineText,$entity.catchrelease_fleetQuestType == mandate,,"""Understood. We'll keep the deliverable open while the fuel window allows. $entity.catchreleaseFleetFlagshipName out.""",,
catchrelease_fq_mandate_waiting,CatchReleaseFleetQuestWaitingText,$entity.catchrelease_fleetQuestType == mandate,,"""I've finished the report. The missing specimen gets a whole section to itself.""

The investigator retrieves your order. ""I'd be very happy to delete that section. We still need $entity.catchrelease_fleetQuestAsk. $entity.catchreleaseFleetDeadlineLeft""",,
catchrelease_fq_mandate_turnIn,CatchReleaseFleetQuestTurnInText,$entity.catchrelease_fleetQuestType == mandate,,"The investigator checks the specimen's capture record against the expedition telemetry. An assistant is called over to check it again.

""Yes. That will do.""

The final requirement under mandate $entity.catchreleaseFleetMandate is signed off. Before arranging your payment, the investigator sends a message asking that the expedition's departure manifest be amended to include one additional live specimen.",,
catchrelease_fq_mandate_question,CatchReleaseFleetQuestQuestionText,$entity.catchrelease_fleetQuestType == mandate,,"""It deployed normally at $entity.catchreleaseFleetDeploymentDepth. We lost telemetry $entity.catchreleaseFleetTelemetryEnd.""

The investigator brings up the last position fix.

""The safety margin was $entity.catchreleaseFleetSafetyMargin. By the time we could have put a recovery team out, we'd have been sending them in blind.""

""I signed the write-off. I'd do it again. I just wish we'd got the specimen first.""",,
catchrelease_fq_mandate_thanks,CatchReleaseFleetQuestThanksText,$entity.catchrelease_fleetQuestType == mandate,,"""The Academy has acknowledged receipt. That's as close to congratulations as we get until the review.""

A departure call sounds behind the investigator.

""Right. Thank you, captain. If anyone asks, you were an entirely sensible use of contingency funds.""",,
,,,,,,
# fleet quest: parley fish,,,,,,
catchrelease_fq_parley_fish_title,CatchReleaseFleetQuestTitle,$entity.catchrelease_fleetQuestType == parley_fish,,The Parley Fish,,
catchrelease_fq_parley_fish_action,CatchReleaseFleetQuestActionText,$entity.catchrelease_fleetQuestType == parley_fish,,Waiting on the parley,,
catchrelease_fq_parley_fish_intelPurpose,CatchReleaseFleetQuestIntelPurpose,$entity.catchrelease_fleetQuestType == parley_fish,,The pirates aboard $entity.catchreleaseFleetFlagshipName want to settle a dispute over protection money before anyone loses a ship. Custom calls for a fresh catch at the parley. Their captain has hired you to take it from $entity.catchreleaseFleetRupture after accepting the job; an older catch won't do.,,
catchrelease_fq_parley_fish_intelTerms,CatchReleaseFleetQuestIntelTerms,$entity.catchrelease_fleetQuestType == parley_fish,,The captain offers the following terms.,,
catchrelease_fq_parley_fish_hail,CatchReleaseFleetQuestHailText,$entity.catchrelease_fleetQuestType == parley_fish,,"""Pirate fleet $entity.catchreleaseFleetFlagshipName. You got a fishing rig that works?""",,
catchrelease_fq_parley_fish_pitch,CatchReleaseFleetQuestPitchText,$entity.catchrelease_fleetQuestType == parley_fish,CatchReleaseCMD highlightJobText $entity.catchrelease_fleetQuestAsk,"""We collect off the crews working $entity.catchreleaseFleetRupture. Another lot decided they'd like the money. We had a disagreement.""

The captain shows you a chart with two sets of firing positions marked around the rupture.

""Nobody's lost a ship yet. We'd like to keep it that way, so we're having a talk.""

""There's a custom. You bring a fresh catch out of the water you're claiming. Proves you've worked it, I suppose. Mostly it gives everyone something to argue over before they start arguing about money.""

""I need $entity.catchrelease_fleetQuestAsk out of that rupture. Has to be caught after I stamp the job. The other captain'll check.""

""We pay $entity.catchrelease_fleetQuestReward. $entity.catchreleaseFleetDeadline""",,
catchrelease_fq_parley_fish_offerOptions,CatchReleaseFleetQuestOfferOptions,$entity.catchrelease_fleetQuestType == parley_fish,,,"0:catchrelease_fqAccept:I'll take the job.
5:catchrelease_fqAcceptNoPromise:I'll try. No promises. (Accept)
10:catchrelease_fqDecline:Decline.",
catchrelease_fq_parley_fish_offerOptionsExtraQuestion,CatchReleaseFleetQuestOfferOptions,"$entity.catchrelease_fleetQuestType == parley_fish
!$entity.catchrelease_fqExtraQuestionAsked",,,7:catchrelease_fqExtraQuestion:You're paying me to legitimize a protection racket.,
catchrelease_fq_parley_fish_offerOptionsQuestion,CatchReleaseFleetQuestOfferOptions,"$entity.catchrelease_fleetQuestType == parley_fish
!$entity.catchrelease_fqQuestionAsked",,,8:catchrelease_fqQuestion:What if the parley fails?,
catchrelease_fq_parley_fish_accept,CatchReleaseFleetQuestAcceptText,$entity.catchrelease_fleetQuestType == parley_fish,,"""Good. Sending the fix now."" The location and job record come through. ""There's a timestamp on it. Anything caught before that stays yours.""",,
catchrelease_fq_parley_fish_acceptNoPromise,CatchReleaseFleetQuestAcceptNoPromiseText,$entity.catchrelease_fleetQuestType == parley_fish,,"""I'll take that. Sending the job through.""

The captain checks the timestamp. ""Anything you catch from now on can count. Anything older stays in your hold.""",,
catchrelease_fq_parley_fish_decline,CatchReleaseFleetQuestDeclineText,$entity.catchrelease_fleetQuestType == parley_fish,,"""Suit yourself. We'll find something else to put on the table. $entity.catchreleaseFleetFlagshipName out.""",,
catchrelease_fq_parley_fish_waiting,CatchReleaseFleetQuestWaitingText,$entity.catchrelease_fleetQuestType == parley_fish,CatchReleaseCMD highlightJobText $entity.catchrelease_fleetQuestAsk,"""One of theirs came over to ask whether we'd caught anything. One of ours told him where he could put it.""

The captain rubs at a mark on the chart.

""Could use $entity.catchrelease_fleetQuestAsk from $entity.catchreleaseFleetRupture before somebody gets creative. $entity.catchreleaseFleetDeadlineLeft""",,
catchrelease_fq_parley_fish_turnIn,CatchReleaseFleetQuestTurnInText,$entity.catchrelease_fleetQuestType == parley_fish,,"A deckhand hauls a battered cold-case onto the bridge.
The captain checks your catch against the job record.

""$entity.catchreleaseFleetRupture. Timestamp $entity.catchreleaseFleetCatchTimestamp. Good.""

The deckhand closes the case and runs a fresh seal over a latch already scarred by several older ones. ""Nobody opens that until we're sitting across from the other lot.""",,
catchrelease_fq_parley_fish_question,CatchReleaseFleetQuestQuestionText,$entity.catchrelease_fleetQuestType == parley_fish,CatchReleaseCMD highlightJobText $entity.catchrelease_fleetQuestAsk $entity.catchrelease_fleetQuestReward,"""Then we do it the expensive way."" The captain brings up rough strength estimates for both fleets. ""We can take them. Lose a couple hulls doing it, maybe more. Then we spend a month welding ships back together while nobody pays us a credit for working $entity.catchreleaseFleetRupture.""

The display goes dark. ""I'd rather buy a fish.""",,
catchrelease_fq_parley_fish_thanks,CatchReleaseFleetQuestThanksText,$entity.catchrelease_fleetQuestType == parley_fish,,"""Parley held. Other lot took the terms, and everybody left with the same number of ships they came in with."" The captain clears the engagement marks from the plot. ""We're square, captain.""",,
catchrelease_fq_parley_fish_extraQuestion,CatchReleaseFleetQuestExtraQuestionText,$entity.catchrelease_fleetQuestType == parley_fish,,"""Yes.""

The captain waits to see if you have anything to add.

""You thought I was going to call it something else? We take their money. We shoot anyone who tries to take more. Some of the crews even think they're getting a fair deal.""

""Your part's the fish.""",,
,,,,,,
# fleet quest: stranded fleet,,,,,,
catchrelease_fq_stranded_title,CatchReleaseFleetQuestTitle,$entity.catchrelease_fleetQuestType == stranded,,Stranded Fleet,,
catchrelease_fq_stranded_action,CatchReleaseFleetQuestActionText,$entity.catchrelease_fleetQuestType == stranded,,Making emergency repairs,,
catchrelease_fq_stranded_intelPurpose,CatchReleaseFleetQuestIntelPurpose,$entity.catchrelease_fleetQuestType == stranded,,"The engineer aboard $entity.catchreleaseFleetFlagshipName has split a repair crew between a failing drive and a broken ration printer. Suitable fish can feed the printer through a bypass, freeing the crew to work on the drive. The requested species can be found nearby; their origin is otherwise unrestricted.",,
catchrelease_fq_stranded_intelTerms,CatchReleaseFleetQuestIntelTerms,$entity.catchrelease_fleetQuestType == stranded,,The engineer's request is recorded on the following terms.,,
catchrelease_fq_stranded_hail,CatchReleaseFleetQuestHailText,$entity.catchrelease_fleetQuestType == stranded,,"""Engineering officer aboard $entity.catchreleaseFleetFlagshipName. Our drive keeps failing and we've got a second problem on top of it. If you can spare a few minutes, we need help.""",,
catchrelease_fq_stranded_pitch,CatchReleaseFleetQuestPitchText,$entity.catchrelease_fleetQuestType == stranded,,"""Give me a moment, captain. No, not that panel. Leave that one shut.""

The engineer mutes the pickup, says something to a person out of view, and comes back.

""Sorry. I've got half my people on the drive and half trying to make the ration printer accept its own feedstock. Neither job's getting done.""

""There's a bypass for unprocessed protein. I've checked the manual twice. If we put the right fish through it, I can get everyone back on the drive.""

A page from a Domain feedstock table appears on your display.

""We need $entity.catchrelease_fleetQuestAsk. Those species turn up around here. Check the handling requirements on the order. The payment would be $entity.catchrelease_fleetQuestReward. $entity.catchreleaseFleetDeadline""

""I'd do the fishing myself, captain, but I haven't slept and I don't know how.""",,
catchrelease_fq_stranded_offerOptions,CatchReleaseFleetQuestOfferOptions,$entity.catchrelease_fleetQuestType == stranded,,,"0:catchrelease_fqAccept:I'll get what you need.
5:catchrelease_fqAcceptNoPromise:I'll try. No promises. (Accept)
10:catchrelease_fqDecline:Decline.",
catchrelease_fq_stranded_offerOptionsExtraQuestion,CatchReleaseFleetQuestOfferOptions,"$entity.catchrelease_fleetQuestType == stranded
!$entity.catchrelease_fqExtraQuestionAsked",,,7:catchrelease_fqExtraQuestion:Why not just eat the fish?,
catchrelease_fq_stranded_offerOptionsQuestion,CatchReleaseFleetQuestOfferOptions,"$entity.catchrelease_fleetQuestType == stranded
!$entity.catchrelease_fqQuestionAsked",,,8:catchrelease_fqQuestion:Your printer eats fish?,
catchrelease_fq_stranded_accept,CatchReleaseFleetQuestAcceptText,$entity.catchrelease_fleetQuestType == stranded,,"""Good. I'll send the feedstock entry and receiving instructions.""

The files come over the comm link.",,
catchrelease_fq_stranded_acceptNoPromise,CatchReleaseFleetQuestAcceptNoPromiseText,$entity.catchrelease_fleetQuestType == stranded,,"""I'll put you down for it. Just hail us when you've got something that meets the feedstock requirements.""

The engineer sends over the order and returns to the open machinery.",,
catchrelease_fq_stranded_decline,CatchReleaseFleetQuestDeclineText,$entity.catchrelease_fleetQuestType == stranded,,"""Yeah. We'll keep at the drive.""

The channel closes.",,
catchrelease_fq_stranded_waiting,CatchReleaseFleetQuestWaitingText,$entity.catchrelease_fleetQuestType == stranded,,"""Still working on it. We've opened the reserve rations, which got everyone asking how long the repairs are going to take.""

The engineer checks your order. ""$entity.catchrelease_fleetQuestAsk. $entity.catchreleaseFleetDeadlineLeft""",,
catchrelease_fq_stranded_turnIn,CatchReleaseFleetQuestTurnInText,$entity.catchrelease_fleetQuestType == stranded,,"The catch goes straight into the ration printer's feedstock intake.
The engineer checks the commodity code, closes the access panel and starts the processing cycle.

The fault indicator clears, and a few seconds later the machinery starts up.",,
catchrelease_fq_stranded_question,CatchReleaseFleetQuestQuestionText,$entity.catchrelease_fleetQuestType == stranded,,"""Apparently. Code $entity.catchreleaseFleetFeedstockCode.""

The engineer shows you the entry. ""Between rendered protein stock and agricultural slurry. Nobody aboard had ever used that intake, but the fittings are there.""

""I've spent years fixing this thing. I thought I knew all the ways it could disappoint me.""",,
catchrelease_fq_stranded_thanks,CatchReleaseFleetQuestThanksText,$entity.catchrelease_fleetQuestType == stranded,,"""Printer's running. That's food taken care of."" The engineer puts the drive repair schedule back up. ""Now I can keep everyone on the drive.""",,
catchrelease_fq_stranded_extraQuestion,CatchReleaseFleetQuestExtraQuestionText,$entity.catchrelease_fleetQuestType == stranded,CatchReleaseCMD highlightJobText $entity.catchrelease_fleetQuestAsk $entity.catchrelease_fleetQuestReward,"""The printer can turn one fish into weeks of ration stock,"" the engineer says. ""We cook it ourselves, we get dinner. I'd rather have the weeks.""",,
catchrelease_fq_stranded_distressIntel,CatchReleaseFleetQuestDistressIntel,$entity.catchrelease_fleetQuestType == stranded,,A ship is broadcasting a standard distress call. Its drive plume flickers in and out as it struggles to hold position.,,
,,,,,,
# fleet quest: seeker,,,,,,
catchrelease_fq_seeker_title,CatchReleaseFleetQuestTitle,$entity.catchrelease_fleetQuestType == seeker,,Fleet on a Hunt,,
catchrelease_fq_seeker_action,CatchReleaseFleetQuestActionText,$entity.catchrelease_fleetQuestType == seeker,,Searching,,
catchrelease_fq_seeker_intelPurpose,CatchReleaseFleetQuestIntelPurpose,$entity.catchrelease_fleetQuestType == seeker,,"The captain of $entity.catchreleaseFleetFlagshipName has spent eleven weeks trying to replace a specimen sold out of someone else's collection. The owner is retiring and will soon inspect it. In exchange for the missing specimen, the captain is offering the proceeds of an increasingly expensive search.",,
catchrelease_fq_seeker_intelTerms,CatchReleaseFleetQuestIntelTerms,$entity.catchrelease_fleetQuestType == seeker,,The captain's offer is recorded on the following terms.,,
catchrelease_fq_seeker_hail,CatchReleaseFleetQuestHailText,$entity.catchrelease_fleetQuestType == seeker,,"""Captain here. If you've got a minute, I'd like to talk.""",,
catchrelease_fq_seeker_pitch,CatchReleaseFleetQuestPitchText,$entity.catchrelease_fleetQuestType == seeker,,"""We've been at this eleven weeks.""

The captain sends a species record, followed by an inventory of the fleet's cargo.

""Wrong gear. Wrong places, mostly. A great deal of advice from people who've never caught one either.""

""I need $entity.catchrelease_fleetQuestAsk. You bring it here, you get $entity.catchrelease_fleetQuestReward. That's what I've got to offer.""

The captain closes the inventory.

""$entity.catchreleaseFleetDeadline The sooner the better. I'd like to go home.""",,
catchrelease_fq_seeker_offerOptions,CatchReleaseFleetQuestOfferOptions,$entity.catchrelease_fleetQuestType == seeker,,,"0:catchrelease_fqAccept:I'll take the job.
5:catchrelease_fqAcceptNoPromise:I'll try. No promises. (Accept)
10:catchrelease_fqDecline:Decline.",
catchrelease_fq_seeker_offerOptionsQuestion,CatchReleaseFleetQuestOfferOptions,"$entity.catchrelease_fleetQuestType == seeker
!$entity.catchrelease_fqQuestionAsked",,,8:catchrelease_fqQuestion:Eleven weeks. What's it for?,
catchrelease_fq_seeker_accept,CatchReleaseFleetQuestAcceptText,$entity.catchrelease_fleetQuestType == seeker,,"""Good. I'll send you the record for $entity.catchrelease_fleetQuestAsk. Bring it here when you have it.""",,
catchrelease_fq_seeker_acceptNoPromise,CatchReleaseFleetQuestAcceptNoPromiseText,$entity.catchrelease_fleetQuestType == seeker,,"""Nobody's promised me anything useful yet. I'll settle for someone who knows what they're doing.""

The order arrives. ""I'll keep your payment aside.""",,
catchrelease_fq_seeker_decline,CatchReleaseFleetQuestDeclineText,$entity.catchrelease_fleetQuestType == seeker,,"""All right.""

The captain closes the channel.",,
catchrelease_fq_seeker_waiting,CatchReleaseFleetQuestWaitingText,$entity.catchrelease_fleetQuestType == seeker,,"""Any luck?""

The captain waits for your answer before bringing up the order.

""Still looking for $entity.catchrelease_fleetQuestAsk. $entity.catchreleaseFleetDeadlineLeft""",,
catchrelease_fq_seeker_turnIn,CatchReleaseFleetQuestTurnInText,$entity.catchrelease_fleetQuestType == seeker,,"The captain opens the container personally. There is a long inspection, with frequent glances at an old photograph.

""That's it. That'll do.""

An order goes out to transfer your payment. The captain is still looking at the specimen when the crew come to take it away.",,
catchrelease_fq_seeker_question,CatchReleaseFleetQuestQuestionText,$entity.catchrelease_fleetQuestType == seeker,,"""It belonged to my old captain. I looked after the collection.""

The captain closes the collection record.

""I got into debt. Sold one. Told myself I'd replace it before anyone noticed.""

""Now he's retiring. Wants the collection packed up and sent on. Which means someone is going to count it.""

The captain looks away from the pickup. ""That's what the eleven weeks are for.""",,
catchrelease_fq_seeker_thanks,CatchReleaseFleetQuestThanksText,$entity.catchrelease_fleetQuestType == seeker,,"""It's packed. I've sent word that the collection's ready.""

The captain starts to say something else, then thinks better of it.

""Thank you. I mean it.""",,
,,,,,,
# fleet quest: quota,,,,,,
catchrelease_fq_quota_title,CatchReleaseFleetQuestTitle,$entity.catchrelease_fleetQuestType == quota,,Short of Quota,,
catchrelease_fq_quota_action,CatchReleaseFleetQuestActionText,$entity.catchrelease_fleetQuestType == quota,,Filling quota,,
catchrelease_fq_quota_intelPurpose,CatchReleaseFleetQuestIntelPurpose,$entity.catchrelease_fleetQuestType == quota,,The purser aboard $entity.catchreleaseFleetFlagshipName is trying to fill a shortfall on station provisioning contract $entity.catchreleaseFleetContract. An incomplete delivery would let the station reopen the fleet's rates in arbitration. The purser can buy qualifying fish from you out of the season's remaining margin; species can be mixed.,,
catchrelease_fq_quota_intelTerms,CatchReleaseFleetQuestIntelTerms,$entity.catchrelease_fleetQuestType == quota,,The purser can authorize a supplemental purchase on the following terms.,,
catchrelease_fq_quota_hail,CatchReleaseFleetQuestHailText,$entity.catchrelease_fleetQuestType == quota,,"""Fishing fleet $entity.catchreleaseFleetFlagshipName, purser's office. Sorry to trouble you, captain. We're short on a provisioning contract and I understand you've got fishing gear aboard.""",,
catchrelease_fq_quota_pitch,CatchReleaseFleetQuestPitchText,$entity.catchrelease_fleetQuestType == quota,CatchReleaseCMD highlightJobText $entity.catchrelease_fleetQuestAsk $entity.catchrelease_fleetQuestReward,"The purser takes the call on the working deck. Someone in the background shouts a tally.

""Count it again,"" the purser calls back, then turns to you. ""Sorry, captain. I know what the count is. I'd just rather it weren't.""

""We're short $entity.catchrelease_fleetQuestAsk on contract $entity.catchreleaseFleetContract. That's a station provisioning order. If we file short, they can send the whole thing to arbitration and start discussing our rates.""

""I can buy against the shortfall without asking the owners. $entity.catchrelease_fleetQuestReward is as far as my authority goes.""

The grade requirements follow the offer.

""Any species that meets those terms. $entity.catchreleaseFleetDeadline And please check the grade. I've already had enough arguments about what ought to count.""",,
catchrelease_fq_quota_offerOptions,CatchReleaseFleetQuestOfferOptions,$entity.catchrelease_fleetQuestType == quota,,,"0:catchrelease_fqAccept:I'll take the job.
5:catchrelease_fqAcceptNoPromise:I'll try. No promises. (Accept)
10:catchrelease_fqDecline:Decline.",
catchrelease_fq_quota_offerOptionsQuestion,CatchReleaseFleetQuestOfferOptions,"$entity.catchrelease_fleetQuestType == quota
!$entity.catchrelease_fqQuestionAsked",,,8:catchrelease_fqQuestion:Why is the water short?,
catchrelease_fq_quota_accept,CatchReleaseFleetQuestAcceptText,$entity.catchrelease_fleetQuestType == quota,,"""Thank you. I'll record you as an outside supplier and send the relevant contract line.""

The contract extract and grade record follow. ""Please use that grade schedule when you sort the catch. If anything falls outside it, I can't put it against the quota.""",,
catchrelease_fq_quota_acceptNoPromise,CatchReleaseFleetQuestAcceptNoPromiseText,$entity.catchrelease_fleetQuestType == quota,,"""Then I'll open the purchase order in your name. It doesn't oblige you to deliver what you haven't caught, but those are the terms if you do.""

The purser sends the grade schedule with the order.",,
catchrelease_fq_quota_decline,CatchReleaseFleetQuestDeclineText,$entity.catchrelease_fleetQuestType == quota,,"""Yes, understood. Sorry to take your time."" The purser's eyes drop to the ledger again. ""We'll keep our boats out and see what comes in. $entity.catchreleaseFleetFlagshipName out.""",,
catchrelease_fq_quota_waiting,CatchReleaseFleetQuestWaitingText,$entity.catchrelease_fleetQuestType == quota,,"""We brought another boat in. Most of it graded below contract.""

The purser turns the ledger toward the pickup.

""Still short $entity.catchrelease_fleetQuestAsk. $entity.catchreleaseFleetDeadlineLeft""",,
catchrelease_fq_quota_turnIn,CatchReleaseFleetQuestTurnInText,$entity.catchrelease_fleetQuestType == quota,,"The purser meets the transfer on the working deck with two tally clerks and the contract grade sheet.
The catch is counted and checked as it comes across.

One specimen is set aside, examined again, then returned to the accepted lot.

""There. That's the quota.""

The purser checks the figure once more before signing the receipt.",,
catchrelease_fq_quota_question,CatchReleaseFleetQuestQuestionText,$entity.catchrelease_fleetQuestType == quota,,"""Same grounds we've fished for years. Some stopped producing. Some shifted, and now we spend the fuel finding them.""

The purser shows you several old returns, all comfortably above the present quota.

""That's what the station will bring to arbitration. They'll ask what's changed aboard our ships. I've got no figure I can put against 'the fish aren't where they used to be.'""

""So I buy what's missing and hope next season is better.""",,
catchrelease_fq_quota_thanks,CatchReleaseFleetQuestThanksText,$entity.catchrelease_fleetQuestType == quota,,"""Filed complete. I've kept a copy of your grade report in case they query it.""

For once, the purser closes the ledger.

""Thank you, captain. You've saved us a very unpleasant meeting.""",,
,,,,,,
# fleet quest: starving,,,,,,
catchrelease_fq_starving_title,CatchReleaseFleetQuestTitle,$entity.catchrelease_fleetQuestType == starving,,Hungry Fleet,,
catchrelease_fq_starving_action,CatchReleaseFleetQuestActionText,$entity.catchrelease_fleetQuestType == starving,,Rationing,,
catchrelease_fq_starving_intelPurpose,CatchReleaseFleetQuestIntelPurpose,$entity.catchrelease_fleetQuestType == starving,,"After $entity.catchreleaseFleetRationDays days of printed protein, the crew of $entity.catchreleaseFleetFlagshipName has submitted a proposed menu to command. The galley chief has been given the job of finding something worth cooking. Any species will do, provided your delivery meets the order.",,
catchrelease_fq_starving_intelTerms,CatchReleaseFleetQuestIntelTerms,$entity.catchrelease_fleetQuestType == starving,,The galley chief's provisioning offer is recorded on the following terms.,,
catchrelease_fq_starving_hail,CatchReleaseFleetQuestHailText,$entity.catchrelease_fleetQuestType == starving,,"""Galley chief aboard $entity.catchreleaseFleetFlagshipName. I'm the cook, and command has wisely left this negotiation to me.""",,
catchrelease_fq_starving_pitch,CatchReleaseFleetQuestPitchText,$entity.catchrelease_fleetQuestType == starving,CatchReleaseCMD highlightJobText $entity.catchrelease_fleetQuestReward,"""Captain. I understand you fish.""

The galley chief has taken over a corner of the mess for the call.

""We've been eating printed protein for $entity.catchreleaseFleetRationDays days. The crew petitioned command this morning. Very respectful. They even attached a menu.""

The chief holds it up.

""I've worked in galleys for twenty years. I don't need a gunner explaining stew to me. I need something to put in the pot.""

""$entity.catchrelease_fleetQuestAsk. Species doesn't matter, so long as it meets the order. I have $entity.catchrelease_fleetQuestReward to spend. $entity.catchreleaseFleetDeadline""

""And if anyone asks, I was arranging this before the petition.""",,
catchrelease_fq_starving_offerOptions,CatchReleaseFleetQuestOfferOptions,$entity.catchrelease_fleetQuestType == starving,,,"0:catchrelease_fqAccept:I'll take the job.
5:catchrelease_fqAcceptNoPromise:I'll try. No promises. (Accept)
10:catchrelease_fqDecline:Decline.",
catchrelease_fq_starving_offerOptionsQuestion,CatchReleaseFleetQuestOfferOptions,"$entity.catchrelease_fleetQuestType == starving
!$entity.catchrelease_fqQuestionAsked",,,8:catchrelease_fqQuestion:Nobody's actually starving?,
catchrelease_fq_starving_accept,CatchReleaseFleetQuestAcceptText,$entity.catchrelease_fleetQuestType == starving,,"""Good. I'll send the order and receiving instructions. The crew will want to know your name.""",,
catchrelease_fq_starving_acceptNoPromise,CatchReleaseFleetQuestAcceptNoPromiseText,$entity.catchrelease_fleetQuestType == starving,,"""Then I'll count you as our supplier. Sending the order now.""

The chief lowers their voice. ""I won't announce the menu until it's aboard.""",,
catchrelease_fq_starving_decline,CatchReleaseFleetQuestDeclineText,$entity.catchrelease_fleetQuestType == starving,,"""A pity. I'll keep looking. I'll tell the petition committee you were polite. $entity.catchreleaseFleetFlagshipName out.""",,
catchrelease_fq_starving_waiting,CatchReleaseFleetQuestWaitingText,$entity.catchrelease_fleetQuestType == starving,,"""$entity.catchreleaseFleetRationDays days. They've added desserts to the petition.""

The chief shows you the new page, then puts it away.

""I still need $entity.catchrelease_fleetQuestAsk. $entity.catchreleaseFleetDeadlineLeft""",,
catchrelease_fq_starving_turnIn,CatchReleaseFleetQuestTurnInText,$entity.catchrelease_fleetQuestType == starving,,"The galley chief inspects the delivery container by container before waving each one through to prep. Their shoulders finally come down.

""Good. Cold storage, second rack. Knives out. Somebody get the large pans hot.""

The galley erupts into motion.",,
catchrelease_fq_starving_question,CatchReleaseFleetQuestQuestionText,$entity.catchrelease_fleetQuestType == starving,,"""No. The printer produces everything a human body needs. Ask the medical officer. Ask the captain. Neither of them has to stand here while it's eaten.""

The chief looks across the mess.

""I've started putting out condiments we used to use for cleaning. I'd like to stop.""",,
catchrelease_fq_starving_thanks,CatchReleaseFleetQuestThanksText,$entity.catchrelease_fleetQuestType == starving,,"""Night watch gets the same portions as everyone else. I've had to write that on the door.""

Something boils over behind the chief.

""Right. Thank you, captain. If you'll excuse me, I've finally got work to do.""",,
,,,,,,
# fleet quest: scavenger with a dead engine,,,,,,
catchrelease_fq_scavenger_engine_title,CatchReleaseFleetQuestTitle,$entity.catchrelease_fleetQuestType == scavenger_engine,,Scavenger with a Dead Engine,,
catchrelease_fq_scavenger_engine_action,CatchReleaseFleetQuestActionText,$entity.catchrelease_fleetQuestType == scavenger_engine,,Repacking the drive coil,,
catchrelease_fq_scavenger_engine_intelPurpose,CatchReleaseFleetQuestIntelPurpose,$entity.catchrelease_fleetQuestType == scavenger_engine,,"A drive coil aboard $entity.catchreleaseFleetFlagshipName needs repacking, but the scavengers have run out of gel. Their technician found an approved substitute made from rendered fish. Suitable species occur nearby; you don't have to catch them in any particular system.",,
catchrelease_fq_scavenger_engine_intelTerms,CatchReleaseFleetQuestIntelTerms,$entity.catchrelease_fleetQuestType == scavenger_engine,,The repair supply request is recorded on the following terms.,,
catchrelease_fq_scavenger_engine_hail,CatchReleaseFleetQuestHailText,$entity.catchrelease_fleetQuestType == scavenger_engine,,"""Coil technician aboard the scavenger $entity.catchreleaseFleetFlagshipName. We've got a drive repair held up for lack of one consumable.""",,
catchrelease_fq_scavenger_engine_pitch,CatchReleaseFleetQuestPitchText,$entity.catchrelease_fleetQuestType == scavenger_engine,,"""We can repair it. We've got the tools, we've got the winding, we've even got someone who knows how. No packing gel.""

The coil technician opens a yard manual to section $entity.catchreleaseFleetManualSection.

""This is going to sound stupid. The approved substitute is a compound rendered from fish.""

""I've checked the edition. I've checked the correction sheets. It's still there.""

""We need $entity.catchrelease_fleetQuestAsk. You can find those around here. The order includes the handling requirements.""

""The salvage haul will cover $entity.catchrelease_fleetQuestReward. $entity.catchreleaseFleetDeadline""",,
catchrelease_fq_scavenger_engine_offerOptions,CatchReleaseFleetQuestOfferOptions,$entity.catchrelease_fleetQuestType == scavenger_engine,,,"0:catchrelease_fqAccept:I'll get what you need.
5:catchrelease_fqAcceptNoPromise:I'll try. No promises. (Accept)
10:catchrelease_fqDecline:Decline.",
catchrelease_fq_scavenger_engine_offerOptionsQuestion,CatchReleaseFleetQuestOfferOptions,"$entity.catchrelease_fleetQuestType == scavenger_engine
!$entity.catchrelease_fqQuestionAsked",,,8:catchrelease_fqQuestion:How does a fish pack a drive coil?,
catchrelease_fq_scavenger_engine_accept,CatchReleaseFleetQuestAcceptText,$entity.catchrelease_fleetQuestType == scavenger_engine,,"""Good. I'll send the manual extract and receiving instructions. Try to believe the manual. I'm trying.""",,
catchrelease_fq_scavenger_engine_acceptNoPromise,CatchReleaseFleetQuestAcceptNoPromiseText,$entity.catchrelease_fleetQuestType == scavenger_engine,,"""All right. I'll register the order. Check it against the manual extract before you bring anything over.""

The technician sends both files. ""I'd rather not dismantle the coil twice.""",,
catchrelease_fq_scavenger_engine_decline,CatchReleaseFleetQuestDeclineText,$entity.catchrelease_fleetQuestType == scavenger_engine,,"""Figured. We'll keep looking for another supply. $entity.catchreleaseFleetFlagshipName out.""",,
catchrelease_fq_scavenger_engine_waiting,CatchReleaseFleetQuestWaitingText,$entity.catchrelease_fleetQuestType == scavenger_engine,,"""Coil condition still reads $entity.catchreleaseFleetCoilCondition. We're leaving it cold until we've repacked it.""

The technician retrieves the order. ""$entity.catchrelease_fleetQuestAsk. $entity.catchreleaseFleetDeadlineLeft""",,
catchrelease_fq_scavenger_engine_turnIn,CatchReleaseFleetQuestTurnInText,$entity.catchrelease_fleetQuestType == scavenger_engine,,"The specimen is transferred to engineering.
Some time later, the repaired drive comes up to a steady tone.

Conversation on the working deck stops for a few seconds while the crew listens.

A deckhand starts the salvage invoice, reaches the description field and leaves the cursor blinking.",,
catchrelease_fq_scavenger_engine_question,CatchReleaseFleetQuestQuestionText,$entity.catchrelease_fleetQuestType == scavenger_engine,,"""We render it. Filter the useful fraction, warm it up, pack it around the winding.""

The technician traces the procedure with a finger.

""Eighteen to twenty-two percent yield. Good from minus forty to two hundred ten. Then two low-load cycles before we trust it.""

""I was hoping you'd say you'd heard of it.""",,
catchrelease_fq_scavenger_engine_thanks,CatchReleaseFleetQuestThanksText,$entity.catchrelease_fleetQuestType == scavenger_engine,,"""Holding temperature. No leakage. No fault.""

The technician watches the readings for another few seconds.

""I'm putting a copy of that page in the repair locker. Thanks for stopping, captain.""",,
catchrelease_fq_scavenger_engine_distressIntel,CatchReleaseFleetQuestDistressIntel,$entity.catchrelease_fleetQuestType == scavenger_engine,,A scavenger vessel is holding position with its drive cold. A standard assistance request is running on the local trade band.,,
,,,,,,
# fleet quest: burn ward,,,,,,
catchrelease_fq_burn_ward_title,CatchReleaseFleetQuestTitle,$entity.catchrelease_fleetQuestType == burn_ward,,Burn Ward,,
catchrelease_fq_burn_ward_action,CatchReleaseFleetQuestActionText,$entity.catchrelease_fleetQuestType == burn_ward,,Treating burn casualties,,
catchrelease_fq_burn_ward_intelPurpose,CatchReleaseFleetQuestIntelPurpose,$entity.catchrelease_fleetQuestType == burn_ward,,"A reactor-space fire aboard $entity.catchreleaseFleetFlagshipName left $entity.catchreleaseFleetCasualties crew badly burned. With the synthskin exhausted, the medical officer needs fish skin for temporary dressings. Only fish caught after you accept the request will be fresh enough for the work.",,
catchrelease_fq_burn_ward_intelTerms,CatchReleaseFleetQuestIntelTerms,$entity.catchrelease_fleetQuestType == burn_ward,,The medical officer's request is recorded on the following terms.,,
catchrelease_fq_burn_ward_hail,CatchReleaseFleetQuestHailText,$entity.catchrelease_fleetQuestType == burn_ward,,"""Thank you for answering. Medical officer, $entity.catchreleaseFleetFlagshipName. We had a fire and I have burn casualties.""",,
catchrelease_fq_burn_ward_pitch,CatchReleaseFleetQuestPitchText,$entity.catchrelease_fleetQuestType == burn_ward,,"""Thank you for answering. We had a fire in the reactor space.""

The medical officer moves the pickup away from the occupied beds.

""$entity.catchreleaseFleetCasualties casualties. I've used the last of the synthskin. The rest have gel dressings, but I can't keep changing those indefinitely.""

""I've used fish skin on burns before. Frontier posting. It can keep the wounds covered until we reach a hospital.""

The officer sends a handling note.

""$entity.catchrelease_fleetQuestAsk. Caught after you take the job, please. I need to know how long it's been out of the water.""

""We can pay $entity.catchrelease_fleetQuestReward. $entity.catchreleaseFleetDeadline I'd be grateful if you came straight back once you have it.""",,
catchrelease_fq_burn_ward_offerOptions,CatchReleaseFleetQuestOfferOptions,$entity.catchrelease_fleetQuestType == burn_ward,,,"0:catchrelease_fqAccept:I'll bring you the fish.
5:catchrelease_fqAcceptNoPromise:I'll try. No promises. (Accept)
10:catchrelease_fqDecline:Decline.",
catchrelease_fq_burn_ward_offerOptionsQuestion,CatchReleaseFleetQuestOfferOptions,"$entity.catchrelease_fleetQuestType == burn_ward
!$entity.catchrelease_fqQuestionAsked",,,8:catchrelease_fqQuestion:Does that actually work?,
catchrelease_fq_burn_ward_accept,CatchReleaseFleetQuestAcceptText,$entity.catchrelease_fleetQuestType == burn_ward,,"""Thank you. I'm sending our position and a handling note.""

The note is two lines long. Keep the catch cold. Leave the skin on.",,
catchrelease_fq_burn_ward_acceptNoPromise,CatchReleaseFleetQuestAcceptNoPromiseText,$entity.catchrelease_fleetQuestType == burn_ward,,"""I'll record the request as accepted. I understand you can't promise the catch.""

The handling note arrives: keep it cold and leave the skin intact.",,
catchrelease_fq_burn_ward_decline,CatchReleaseFleetQuestDeclineText,$entity.catchrelease_fleetQuestType == burn_ward,,"""Then we'll keep broadcasting.""

The channel closes.",,
catchrelease_fq_burn_ward_waiting,CatchReleaseFleetQuestWaitingText,$entity.catchrelease_fleetQuestType == burn_ward,CatchReleaseCMD highlightJobText $entity.catchrelease_fleetQuestAsk,"""Still treating them. I'd hoped to have them off the gel by now.""

The officer checks the order. ""$entity.catchrelease_fleetQuestAsk, caught since you took the job. $entity.catchreleaseFleetDeadlineLeft""",,
catchrelease_fq_burn_ward_turnIn,CatchReleaseFleetQuestTurnInText,$entity.catchrelease_fleetQuestType == burn_ward,,"A medic meets the transfer with an insulated trolley. The catch goes straight to the medbay, where a team is ready to clean and prepare the skin.

The medical officer checks the capture record, then calls for the first patient to be brought through.",,
catchrelease_fq_burn_ward_question,CatchReleaseFleetQuestQuestionText,$entity.catchrelease_fleetQuestType == burn_ward,,"""I've treated miners with it. I'd rather use synthskin, but I don't have any.""

The officer finds a treatment record and turns the display toward you.

""That man had burns across most of his back. We got him through the journey and into a hospital. That's what I'm trying to do here.""",,
catchrelease_fq_burn_ward_thanks,CatchReleaseFleetQuestThanksText,$entity.catchrelease_fleetQuestType == burn_ward,,"""All $entity.catchreleaseFleetCasualties have proper dressings now. We're arranging a transfer to a hospital.""

The officer pulls off a pair of gloves.

""You've helped. Thank you, captain.""",,
catchrelease_fq_burn_ward_distressIntel,CatchReleaseFleetQuestDistressIntel,$entity.catchrelease_fleetQuestType == burn_ward,,A small trader is broadcasting a distress call with a medical priority code. Scans show fire damage around its reactor section.,,
,,,,,,
# fleet quest: fouled line,,,,,,
catchrelease_fq_fouled_line_title,CatchReleaseFleetQuestTitle,$entity.catchrelease_fleetQuestType == fouled_line,,Fouled Line,,
catchrelease_fq_fouled_line_action,CatchReleaseFleetQuestActionText,$entity.catchrelease_fleetQuestType == fouled_line,,Holding at a fouled breach,,
catchrelease_fq_fouled_line_intelPurpose,CatchReleaseFleetQuestIntelPurpose,$entity.catchrelease_fleetQuestType == fouled_line,,Both drones belonging to the fishing boat $entity.catchreleaseFleetFlagshipName are stuck beyond $entity.catchreleaseFleetRupture. The skipper is relying on an old remedy: another crew brings aboard a fresh catch from the same rupture. Your catch must come from that rupture after you accept the request.,,
catchrelease_fq_fouled_line_intelTerms,CatchReleaseFleetQuestIntelTerms,$entity.catchrelease_fleetQuestType == fouled_line,,The skipper's request is recorded on the following terms.,,
catchrelease_fq_fouled_line_hail,CatchReleaseFleetQuestHailText,$entity.catchrelease_fleetQuestType == fouled_line,,"""$entity.catchreleaseFleetFlagshipName. We're a fishing crew and we're stuck. You're the first hull that's stopped.""",,
catchrelease_fq_fouled_line_pitch,CatchReleaseFleetQuestPitchText,$entity.catchrelease_fleetQuestType == fouled_line,CatchReleaseCMD highlightJobText $entity.catchrelease_fleetQuestAsk,"""Both of them. First one stopped coming back, sent the second to find it.""

The skipper shows you two drone tracks ending inside $entity.catchreleaseFleetRupture.

""Six hours. They're still answering. I can tell them to return all I like; they don't move.""

""Those drones are worth more than the boat. I'd sooner not leave them behind.""

A deckhand interrupts to report the coherence reading. The skipper listens, then sends the deckhand away.

""There's something we can try. Another crew fishes the same breach and brings a catch aboard us. I've seen it free a fouled line.""

""$entity.catchrelease_fleetQuestAsk, from $entity.catchreleaseFleetRupture after you take the job. We can pay $entity.catchrelease_fleetQuestReward. $entity.catchreleaseFleetDeadline""",,
catchrelease_fq_fouled_line_offerOptions,CatchReleaseFleetQuestOfferOptions,$entity.catchrelease_fleetQuestType == fouled_line,,,"0:catchrelease_fqAccept:I'll work the breach.
5:catchrelease_fqAcceptNoPromise:I'll try. No promises. (Accept)
10:catchrelease_fqDecline:Decline.",
catchrelease_fq_fouled_line_offerOptionsExtraQuestion,CatchReleaseFleetQuestOfferOptions,"$entity.catchrelease_fleetQuestType == fouled_line
!$entity.catchrelease_fqExtraQuestionAsked",,,7:catchrelease_fqExtraQuestion:Why would that free your line?,
catchrelease_fq_fouled_line_offerOptionsQuestion,CatchReleaseFleetQuestOfferOptions,"$entity.catchrelease_fleetQuestType == fouled_line
!$entity.catchrelease_fqQuestionAsked",,,8:catchrelease_fqQuestion:What if nobody lands anything?,
catchrelease_fq_fouled_line_accept,CatchReleaseFleetQuestAcceptText,$entity.catchrelease_fleetQuestType == fouled_line,,"""Thank you. I'll send the fix and both drone tracks. Give those tracks some room.""

The skipper marks them on your chart. ""Bring the catch here once you've landed it.""",,
catchrelease_fq_fouled_line_acceptNoPromise,CatchReleaseFleetQuestAcceptNoPromiseText,$entity.catchrelease_fleetQuestType == fouled_line,,"""I'll take the attempt. Putting your name against the job now.""

The rupture and drone tracks arrive on your chart. ""Anything you bring us has to come out of that breach after this call.""",,
catchrelease_fq_fouled_line_decline,CatchReleaseFleetQuestDeclineText,$entity.catchrelease_fleetQuestType == fouled_line,,"""Right. We'll keep calling.""

The channel closes.",,
catchrelease_fq_fouled_line_waiting,CatchReleaseFleetQuestWaitingText,$entity.catchrelease_fleetQuestType == fouled_line,CatchReleaseCMD highlightJobText $entity.catchrelease_fleetQuestAsk,"""Still answering. Still won't move.""

The skipper leaves the tracks on screen.

""We need $entity.catchrelease_fleetQuestAsk from $entity.catchreleaseFleetRupture. $entity.catchreleaseFleetDeadlineLeft""",,
catchrelease_fq_fouled_line_turnIn,CatchReleaseFleetQuestTurnInText,$entity.catchrelease_fleetQuestType == fouled_line,,"A deckhand carries your catch aboard in a sealed tank and sets it down on the bridge.
The skipper logs it against $entity.catchreleaseFleetRupture.

A few minutes later, both drone tracks start moving toward the boat.",,
catchrelease_fq_fouled_line_question,CatchReleaseFleetQuestQuestionText,$entity.catchrelease_fleetQuestType == fouled_line,,"""Then we leave them.""

The skipper looks at the tracks.

""I keep saying they cost more than the boat. Doesn't mean I ought to lose the boat as well.""",,
catchrelease_fq_fouled_line_extraQuestion,CatchReleaseFleetQuestExtraQuestionText,$entity.catchrelease_fleetQuestType == fouled_line,,"""Couldn't tell you. My first skipper did it twice. Both times, the drone came home once the other crew's catch was aboard.""

""We can have a good laugh about it if it doesn't work. I'd like to try it first.""",,
catchrelease_fq_fouled_line_thanks,CatchReleaseFleetQuestThanksText,$entity.catchrelease_fleetQuestType == fouled_line,,"""Both drones are back in the rack. One lost a sensor mast, but that we can fix.""

The skipper is already plotting a course away from the breach. ""Burn bright, captain.""",,
catchrelease_fq_fouled_line_distressIntel,CatchReleaseFleetQuestDistressIntel,$entity.catchrelease_fleetQuestType == fouled_line,,A small fishing boat is holding station at a rupture and broadcasting a distress call. It has not moved since the call began.,,
,,,,,,
# fleet quest: collector,,,,,,
catchrelease_fq_collector_title,CatchReleaseFleetQuestTitle,$entity.catchrelease_fleetQuestType == collector,,Collector's Commission,,
catchrelease_fq_collector_action,CatchReleaseFleetQuestActionText,$entity.catchrelease_fleetQuestType == collector,,Waiting,,
catchrelease_fq_collector_intelPurpose,CatchReleaseFleetQuestIntelPurpose,$entity.catchrelease_fleetQuestType == collector,,"A collector aboard $entity.catchreleaseFleetFlagshipName has repeatedly lost specimens to last-minute sales through other brokers. Suspecting a rival buyer, the collector has commissioned you directly to supply the missing entry in an otherwise carefully prepared display.",,
catchrelease_fq_collector_intelTerms,CatchReleaseFleetQuestIntelTerms,$entity.catchrelease_fleetQuestType == collector,,The private commission is recorded on the following terms.,,
catchrelease_fq_collector_hail,CatchReleaseFleetQuestHailText,$entity.catchrelease_fleetQuestType == collector,,"""Private vessel $entity.catchreleaseFleetFlagshipName. I have a collection commission to place, if you are taking work.""",,
catchrelease_fq_collector_pitch,CatchReleaseFleetQuestPitchText,$entity.catchrelease_fleetQuestType == collector,,"""I have a tank ready. The nameplate was engraved two years ago.""

The collector sends you the requirements for the missing specimen.

""$entity.catchrelease_fleetQuestAsk. Three brokers have accepted my deposit. Three have returned it just before transfer because the specimen was suddenly unavailable.""

""I believe someone else is buying them. Through agents, naturally. Nobody will give me a name.""

""So I am approaching someone who can obtain one without a broker. My offer is $entity.catchrelease_fleetQuestReward. $entity.catchreleaseFleetDeadline""

""The receiving instructions are quite precise. I have had time to revise them.""",,
catchrelease_fq_collector_offerOptions,CatchReleaseFleetQuestOfferOptions,$entity.catchrelease_fleetQuestType == collector,,,"0:catchrelease_fqAccept:I'll take the commission.
5:catchrelease_fqAcceptNoPromise:I'll try. No promises. (Accept)
10:catchrelease_fqDecline:Decline.",
catchrelease_fq_collector_offerOptionsExtraQuestion,CatchReleaseFleetQuestOfferOptions,"$entity.catchrelease_fleetQuestType == collector
!$entity.catchrelease_fqExtraQuestionAsked",,,7:catchrelease_fqExtraQuestion:What's it for?,
catchrelease_fq_collector_offerOptionsQuestion,CatchReleaseFleetQuestOfferOptions,"$entity.catchrelease_fleetQuestType == collector
!$entity.catchrelease_fqQuestionAsked",,,8:catchrelease_fqQuestion:Why won't anyone sell to you?,
catchrelease_fq_collector_accept,CatchReleaseFleetQuestAcceptText,$entity.catchrelease_fleetQuestType == collector,,"""Very good. I will transmit the collection entry and receiving requirements.""",,
catchrelease_fq_collector_acceptNoPromise,CatchReleaseFleetQuestAcceptNoPromiseText,$entity.catchrelease_fleetQuestType == collector,,"""An accepted commission, then, with payment on delivery. I would rather you took care over it than made assurances you couldn't keep.""

The receiving instructions run to several pages.",,
catchrelease_fq_collector_decline,CatchReleaseFleetQuestDeclineText,$entity.catchrelease_fleetQuestType == collector,,"""Understood. I will continue the search. $entity.catchreleaseFleetFlagshipName out.""",,
catchrelease_fq_collector_waiting,CatchReleaseFleetQuestWaitingText,$entity.catchrelease_fleetQuestType == collector,,"""The holding conditions are ready. I test them every morning.""

The collector checks your commission.

""$entity.catchrelease_fleetQuestAsk. $entity.catchreleaseFleetDeadlineLeft Please tell me before you transfer it. I wish to be there.""",,
catchrelease_fq_collector_turnIn,CatchReleaseFleetQuestTurnInText,$entity.catchrelease_fleetQuestType == collector,,"The collector receives the container personally and takes it to the display tank.
They compare the holding temperatures, set the acclimation flow and wait beside the tank until the transfer is complete.

The specimen settles behind the glass beneath the engraved nameplate.",,
catchrelease_fq_collector_question,CatchReleaseFleetQuestQuestionText,$entity.catchrelease_fleetQuestType == collector,,"""They are perfectly willing to sell. Right up until it is time to deliver.""

The collector shows you three transactions, dated $entity.catchreleaseFleetBrokerDates.

""Carthen & Vale. Morrow Exchange. Silex Acquisitions. Different brokers, almost identical apologies.""

""I cannot prove it is the same buyer. I would be very interested to hear another explanation.""",,
catchrelease_fq_collector_thanks,CatchReleaseFleetQuestThanksText,$entity.catchrelease_fleetQuestType == collector,,"""There it is.""

The collector watches the tank.

""I should send the brokers a photograph. No. No, I don't think I will.""

""Thank you, captain. It is exactly what I wanted.""",,
catchrelease_fq_collector_extraQuestion,CatchReleaseFleetQuestExtraQuestionText,$entity.catchrelease_fleetQuestType == collector,,"The collector turns the pickup toward an empty display tank. The lighting is on, the filters are running, and a nameplate is already fixed beneath the glass.

""For that.""

After a moment, the collector adds, ""Eighteen point five degrees. A ten-hour display cycle. I think it will do very well.""",,
,,,,,,
# fleet quest: wager,,,,,,
catchrelease_fq_wager_title,CatchReleaseFleetQuestTitle,$entity.catchrelease_fleetQuestType == wager,,Settling a Bet,,
catchrelease_fq_wager_action,CatchReleaseFleetQuestActionText,$entity.catchrelease_fleetQuestType == wager,,Arguing,,
catchrelease_fq_wager_intelPurpose,CatchReleaseFleetQuestIntelPurpose,$entity.catchrelease_fleetQuestType == wager,,Two watches aboard $entity.catchreleaseFleetFlagshipName have turned a disagreement over survey returns into a substantial bet. Their captain wants a pair of matching specimens to compare with the records and put an end to it. The fish must be the same species and meet the wager's other terms.,,
catchrelease_fq_wager_intelTerms,CatchReleaseFleetQuestIntelTerms,$entity.catchrelease_fleetQuestType == wager,,The wager has the following terms.,,
catchrelease_fq_wager_hail,CatchReleaseFleetQuestHailText,$entity.catchrelease_fleetQuestType == wager,,"""Scavenger fleet $entity.catchreleaseFleetFlagshipName. Captain speaking. I've got an argument between two watches that's gone on long enough. They put money on it, naturally.
If you fish, you might be able to settle it for us.""",,
catchrelease_fq_wager_pitch,CatchReleaseFleetQuestPitchText,$entity.catchrelease_fleetQuestType == wager,,"""It started with a bottle.""

The captain sends two survey logs from the same fishing ground.

""First watch reckons these returns prove there's a run. Second watch reckons they got lucky twice and wrote a report about it.""

""Now there's money involved. Enough that I don't want to settle it by telling them both to shut up.""

""I need $entity.catchrelease_fleetQuestAsk. Two of the same species, so we can compare them with the returns. The pot will cover $entity.catchrelease_fleetQuestReward. $entity.catchreleaseFleetDeadline""

""I've forbidden any more betting. That hasn't improved the atmosphere.""",,
catchrelease_fq_wager_offerOptions,CatchReleaseFleetQuestOfferOptions,$entity.catchrelease_fleetQuestType == wager,,,"0:catchrelease_fqAccept:I'll take the job.
5:catchrelease_fqAcceptNoPromise:I'll try. No promises. (Accept)
10:catchrelease_fqDecline:Decline.",
catchrelease_fq_wager_offerOptionsExtraQuestion,CatchReleaseFleetQuestOfferOptions,"$entity.catchrelease_fleetQuestType == wager
!$entity.catchrelease_fqExtraQuestionAsked","# the label needs a colon, which the Options column cannot hold
SetOptionText catchrelease_fqExtraQuestion ""For the record: which side am I proving?""",,7:catchrelease_fqExtraQuestion:Which side am I proving?,
catchrelease_fq_wager_offerOptionsQuestion,CatchReleaseFleetQuestOfferOptions,"$entity.catchrelease_fleetQuestType == wager
!$entity.catchrelease_fqQuestionAsked",,,8:catchrelease_fqQuestion:What does each side claim?,
catchrelease_fq_wager_accept,CatchReleaseFleetQuestAcceptText,$entity.catchrelease_fleetQuestType == wager,,"""Good. I'll send the logs with the order.""

The captain pauses to address someone off-screen. ""No, hiring someone doesn't void it. We agreed on outside verification.""",,
catchrelease_fq_wager_acceptNoPromise,CatchReleaseFleetQuestAcceptNoPromiseText,$entity.catchrelease_fleetQuestType == wager,,"""An attempt is enough to get them waiting for a result. I'll put you down for it.""

The logs and the accepted order arrive together.",,
catchrelease_fq_wager_decline,CatchReleaseFleetQuestDeclineText,$entity.catchrelease_fleetQuestType == wager,,"""All right. I'll deal with them. $entity.catchreleaseFleetFlagshipName out.""",,
catchrelease_fq_wager_waiting,CatchReleaseFleetQuestWaitingText,$entity.catchrelease_fleetQuestType == wager,,"""They've started disputing the terms of the bet. We wrote them down. That hasn't helped.""

The captain brings up your order. ""$entity.catchrelease_fleetQuestAsk. $entity.catchreleaseFleetDeadlineLeft""",,
catchrelease_fq_wager_turnIn,CatchReleaseFleetQuestTurnInText,$entity.catchrelease_fleetQuestType == wager,,"A couple of crew from each watch come forward to inspect the catch.

There is some muttering before the captain cuts them off and checks the specimens against the logs. ""That's enough. Pay out the bets.""

The captain authorizes the transfer to your account.",,
catchrelease_fq_wager_question,CatchReleaseFleetQuestQuestionText,$entity.catchrelease_fleetQuestType == wager,,"""First watch says repeated returns mean the species is established there. Second watch says the returns don't prove what they caught.""

The captain points out the disputed readings.

""They've both explained it to me several times. We need actual specimens to compare with this before I have to hear it again.""",,
catchrelease_fq_wager_thanks,CatchReleaseFleetQuestThanksText,$entity.catchrelease_fleetQuestType == wager,,"""Paid out. Both watches signed for it.""

Someone speaks off-screen.

""No, we're not taking bets on whether the sample was representative.""

The captain turns back. ""Thank you, captain. I'll handle the rest.""",,
catchrelease_fq_wager_extraQuestion,CatchReleaseFleetQuestExtraQuestionText,$entity.catchrelease_fleetQuestType == wager,,"""Neither. You're bringing the specimens. We compare them with the logs and settle it here.""

""The fee is the same whichever watch wins. I insisted on that before calling you.""",,
,,,,,,
# harpoon repair demands,,,,,,
catchrelease_damagesStop,BeginFleetEncounter,"$catchrelease_harpoonDemand score:1100
!$catchrelease_harpoonDemandDone
!$isHostile","$catchrelease_harpoonDemandDone = true 1
unset $ignorePlayerCommRequests
$catchrelease_damagesConv = true 0
AddText ""The $faction $otherShipOrFleet draws alongside and hails you."" $faction.baseColor
OpenComms",,,
catchrelease_damagesDemand,OpenCommLink,$entity.catchrelease_damagesConv score:1300,"SetTextHighlights $entity.catchrelease_harpoonDamagesDGS
DoCanAffordCheck $entity.catchrelease_harpoonDamages catchrelease_payDamages
SetStoryOption catchrelease_talkDamages 1 avoidCargoScan ui_char_spent_story_point ""Talked your way out of a repair bill""","""You're the ship with the harpoon.""

$PersonRank $personName sends an image of the damaged hull, followed by a yard estimate.

""We're not a patrol, captain. I want the repair paid for. $entity.catchrelease_harpoonDamagesDGS credits, and I won't file a claim against your transponder.""

Someone behind $himOrHer asks whether the repair crew can start. ""Not until we've recorded the rest of the damage.""","catchrelease_payDamages:Pay for the repair ($entity.catchrelease_harpoonDamagesDGS credits)
catchrelease_talkDamages:Talk your way out of it
catchrelease_refuseDamages:Refuse and cut the comm link",
catchrelease_damagesPaySel,DialogOptionSelected,$option == catchrelease_payDamages,"AddRemoveCommodity credits -$entity.catchrelease_harpoonDamages true
$entity.catchrelease_harpoonDamagesPaid = true 1
$entity.catchrelease_harpoonDemandDone = true 30
$global.catchrelease_damagesAnswered = true 1
unset $entity.catchrelease_damagesConv
ShowDefaultVisual
FireAll CatchReleaseFleetResolutionOptions","""Received.""

The other vessel returns to its previous heading.",,
catchrelease_damagesTalkSel,DialogOptionSelected,$option == catchrelease_talkDamages,"$entity.catchrelease_harpoonDamagesPaid = true 1
$entity.catchrelease_harpoonDemandDone = true 30
$global.catchrelease_damagesAnswered = true 1
unset $entity.catchrelease_damagesConv
ShowDefaultVisual
FireAll CatchReleaseFleetResolutionOptions","You go through the incident with $PersonRank $personName, pointing out where the recovery system could have failed and how easily it could have looked like a deliberate shot.

After several increasingly weary questions, $heOrShe agrees to record it as an equipment accident.

""Next time you test it, find some empty space.""",,
catchrelease_damagesRefuseSel,DialogOptionSelected,$option == catchrelease_refuseDamages,"$entity.catchrelease_harpoonDamagesRefused = true 1
$entity.catchrelease_harpoonDemandDone = true 30
$global.catchrelease_damagesAnswered = true 1
unset $entity.catchrelease_damagesConv
ShowDefaultVisual
CatchReleaseCMD leaveEncounter","$PersonRank $personName studies you. ""All right.""

The claim file stays open when the link closes.",,
,,,,,,
# tutorial wreck,,,,,,
catchrelease_wreckOpen,OpenInteractionDialog,$catchrelease_tutorialWreck score:1000,ShowDefaultVisual,"Your sensors officer finds an old auxiliary in the debris. Most of its useful fittings have been stripped, but a large servicing frame remains clamped to the dorsal deck.

The frame has its own maneuvering thrusters and a dead transponder. Its docking points could take something nearly the size of a fighter.

Closer inspection shows that all three emergency clamps were fitted from the frame's side. It was attached after the auxiliary was abandoned.","catchrelease_wreckLook:Inspect the derelict
catchrelease_wreckTake:Recover the service assembly
catchrelease_wreckExplore:Explore the derelict
defaultLeave:Leave the wreck alone",
catchrelease_wreckLook,DialogOptionSelected,$option == catchrelease_wreckLook,,"The boarding party finds a cold reactor, empty lockers and a galley nobody thought worth stripping. There are no bodies.

Your ops chief sends an image of the external frame.

""LYNE markings. Looks like rig-servicing equipment. Some of these codes aren't in our registry.""

Someone has scratched maintenance intervals into the casing by hand. The most recent entry is worn almost smooth.",catchrelease_wreckLook2:Continue,
catchrelease_wreckLook2,DialogOptionSelected,$option == catchrelease_wreckLook2,,"The crew can recover the assembly intact, although the cargo chief has some complaints about the clamps.

The dead transponder still holds its last service handshake. The source is listed as Fisherman.","catchrelease_wreckTake:Recover the assembly
catchrelease_wreckExplore:Explore the derelict
defaultLeave:Leave it",
catchrelease_wreckTake,DialogOptionSelected,$option == catchrelease_wreckTake,"CatchReleaseCMD carryFisherProperty
CatchReleaseCMD showIntroIntel","The cargo crane brings the frame aboard. Several tonnes of docking hardware and sealed electronics surround an empty cradle.

Your crew secure it in the hold and check the lashings again. Whatever used to fit inside it is missing.","catchrelease_wreckExplore:Explore the derelict
defaultLeave:Leave",
catchrelease_wreckExplore,DialogOptionSelected,$option == catchrelease_wreckExplore,"SalvageGenFromSeed
FireBest ShowSalvageEntityDetails
FireBest SalvageCheckHostile",,,
,,,,,,
# tutorial castaway,,,,,,
catchrelease_castawayOpen,OpenInteractionDialog,"$market.isPlanetConditionMarketOnly
!$catchrelease_castawaySeen
CatchReleaseCMD castawayEligible score:1000","CatchReleaseCMD startCastaway
$catchrelease_castawaySeen = true 0
$option = catchrelease_castawayPlanetOpen 0
FireBest DialogOptionSelected",,,
catchrelease_castawayPlanetOpen,DialogOptionSelected,$option == catchrelease_castawayPlanetOpen,"ShowDefaultVisual
FireAll CatchReleaseCastawayOptions","Your comms officer picks up a personal beacon running on emergency power. It leads to a prefabricated surface cache.

Someone has made a living compartment out of one of the storage bays. Its occupant is thin, dirty, and already waving at the camera.",,
catchrelease_ratingBegs,CatchReleaseCastawayOptions,"$global.catchrelease_ratingAsked
$option == catchrelease_castawayPlanetOpen",,"A garbled transmission calls out almost immediately.

""You came back! Please take me aboard, $PlayerSirOrMadam, I beg of you!""",,
catchrelease_ratingAskOption,CatchReleaseCastawayOptions,!$global.catchrelease_ratingAsked,,,0:catchrelease_ratingAsk:Ask how he got here,
catchrelease_ratingRescueOption,CatchReleaseCastawayOptions,$global.catchrelease_ratingAsked,,,20:catchrelease_ratingRescue:Offer passage,
catchrelease_ratingMurderOption,CatchReleaseCastawayOptions,,,,30:catchrelease_ratingMurder:Order a cannon fired at the beacon,
catchrelease_castawayToPlanetOption,CatchReleaseCastawayOptions,,,,90:catchrelease_castawayToPlanet:See to the planet,
catchrelease_castawayLeaveOption,CatchReleaseCastawayOptions,,,,100:catchrelease_castawayLeave:Leave,
catchrelease_ratingAsk,DialogOptionSelected,$option == catchrelease_ratingAsk,$global.catchrelease_ratingAsked = true,"""Missed the boat.""

He sees your expression and hurries on.

""We were doing a transfer. Skipper thought I was on the tender. Tender thought I was back aboard. Both had the same manifest, so both signed and left.""

He gestures at the compartment behind him.

""I waited for them to notice. Then I thought I'd better see what was in the cache.""",0:catchrelease_ratingWho:What boat?,
catchrelease_ratingWho,DialogOptionSelected,$option == catchrelease_ratingWho,"CatchReleaseCMD point
FireAll CatchReleaseCastawayOptions
CatchReleaseCMD showIntroIntel","""Fishing crew. Worked with the Fisherman's boats.""

He digs out an old comm unit and reads your officer a fleet handshake.

""Try that when you find them. Trawlers, usually, out past the settled traffic. Tell the Fisherman who you've got aboard. He'll know me.""",,
catchrelease_ratingMurder,DialogOptionSelected,$option == catchrelease_ratingMurder,$catchrelease_castawaySeen = true,"You order bombardment of the coordinates the beacon is broadcasting from. 

It falls silent with a single shot.",0:catchrelease_castawayToPlanet:See to the planet,
catchrelease_ratingRescue,DialogOptionSelected,$option == catchrelease_ratingRescue,CatchReleaseCMD rescueCastaway,"He accepts before you finish the sentence.

Your personnel officer finds a spare berth.","0:catchrelease_castawayToPlanet:See to the planet
100:catchrelease_castawayLeave:Leave",
catchrelease_castawayToPlanet,DialogOptionSelected,$option == catchrelease_castawayToPlanet,FireBest OpenInteractionDialog,,,
catchrelease_castawayLeave,DialogOptionSelected,$option == catchrelease_castawayLeave,DismissDialog,,,
,,,,,,
# fisherman encounter and services,,,,,,
catchrelease_fisherEncounter,BeginFleetEncounter,"$catchrelease_fisherman score:1000
!$isHostile","unset $ignorePlayerCommRequests
OpenComms",,,
catchrelease_fisherComms0,OpenCommLink,"$entity.catchrelease_fisherman score:1000
CatchReleaseCMD tokens
$catchreleaseDrift == 0","$menuState = catchreleaseFisher 0
FireAll CatchReleaseFisherOptions","The Fisherman answers from a worktable. He puts down a dismantled control unit and wipes his hands before taking the call.

""Evening, Captain. What can I do for you?""",,
catchrelease_fisherComms1,OpenCommLink,"$entity.catchrelease_fisherman score:1010
CatchReleaseCMD tokens
$catchreleaseDrift == 1","$menuState = catchreleaseFisher 0
FireAll CatchReleaseFisherOptions","""Captain. Back with a catch?""

A crewman passes behind the Fisherman carrying a sealed crate. By the time he reaches the hatch his hands are empty. The Fisherman waits while your comms officer clears the channel.",,
catchrelease_fisherComms2,OpenCommLink,"$entity.catchrelease_fisherman score:1020
CatchReleaseCMD tokens
$catchreleaseDrift == 2","$menuState = catchreleaseFisher 0
FireAll CatchReleaseFisherOptions","""Evening."" The Fisherman's voice comes through before the comm indicator turns green. When the picture arrives, he is pouring a drink into a battered mug.

""Go ahead. I'm listening.""",,
catchrelease_fisherComms3,OpenCommLink,"$entity.catchrelease_fisherman score:1030
CatchReleaseCMD tokens
$catchreleaseDrift == 3","$menuState = catchreleaseFisher 0
FireAll CatchReleaseFisherOptions","The Fisherman is watching someone work out of view when the link opens. ""Easy with that. Set it down first.""

Metal strikes a deck plate on your left audio channel, though the trawler lies to starboard. He turns back to the pickup. ""Sorry, Captain. You were saying?""",,
catchrelease_fisherFirstContact,OpenCommLink,"$entity.catchrelease_fisherman score:1050
CatchReleaseCMD tokens
$catchreleaseStage == 0","CatchReleaseCMD point
$menuState = catchreleaseFisher 0
CatchReleaseCMD tokens
FireAll CatchReleaseFisherOptions","An older man in patched working clothes answers your hail. Grey beard, scarred hands; he reads your transponder particulars with the unhurried attention of someone used to deciding who comes alongside.

""Captain. I don't have you in the ledger. Are you here about the fishing?""",,
catchrelease_fisherIntercept,OpenCommLink,"$entity.catchrelease_fisherman score:1100
CatchReleaseCMD tokens
$entity.catchrelease_intercepted
$catchreleaseStage < 2","CatchReleaseCMD point
$menuState = catchreleaseFisher 0
$catchrelease_fisherInterceptOpened = true 0
SetShortcut catchrelease_fisherLeave ""ESCAPE""","The trawler comes across your course and hails you before you can close on the unstable fabric.

""Hold where you are, Captain."" The man on the feed checks your fleet against his plot. ""If you're here to fish, come alongside. You'll need the equipment before you go any closer.""

The trawler banks clear, leaving room off its port side.","0:catchrelease_fisherIntro:Move alongside.
100:catchrelease_fisherLeave:Leave",
catchrelease_fisherOptIntro,CatchReleaseFisherOptions,"$menuState == catchreleaseFisher
$catchreleaseStage >= 2
$catchreleaseStage < 6
!$catchreleaseTargetMet",,,0:catchrelease_fisherIntro:Ask about the fishing work,
catchrelease_fisherOptIntroUnknown,CatchReleaseFisherOptions,"$menuState == catchreleaseFisher
$catchreleaseStage == 1
!$catchreleaseCarrying
!$global.catchrelease_castawayRescued
!$catchreleaseRatingPlanetKnown
!$catchreleaseTargetMet",,,0:catchrelease_fisherIntro:Ask about the fishing work,
catchrelease_fisherOptIntroProperty,CatchReleaseFisherOptions,"$menuState == catchreleaseFisher
$catchreleaseStage == 1
$catchreleaseCarrying
!$catchreleaseTargetMet",,,0:catchrelease_fisherIntro:I recovered something with your name on it.,
catchrelease_fisherOptIntroCastaway,CatchReleaseFisherOptions,"$menuState == catchreleaseFisher
$catchreleaseStage == 1
!$catchreleaseCarrying
$global.catchrelease_castawayRescued
!$catchreleaseTargetMet",,,0:catchrelease_fisherIntro:I got your crewman aboard.,
catchrelease_fisherOptIntroRating,CatchReleaseFisherOptions,"$menuState == catchreleaseFisher
$catchreleaseStage == 1
!$catchreleaseCarrying
!$global.catchrelease_castawayRescued
$catchreleaseRatingPlanetKnown
!$catchreleaseTargetMet",,,0:catchrelease_fisherIntro:Someone on $ratingPlanetName sent me.,
catchrelease_fisherOptIntroHandIn,CatchReleaseFisherOptions,"$menuState == catchreleaseFisher
$catchreleaseStage < 6
$catchreleaseTargetMet",SetOptionColor catchrelease_fisherIntro highlight,,0:catchrelease_fisherIntro:I caught a fish.,
catchrelease_introSkipOpt,CatchReleaseFisherOptions,"$menuState == catchreleaseFisher
$catchreleaseCanSkip",SetOptionColor catchrelease_introSkip highlight,,5:catchrelease_introSkip:I've been here before. The fabric calls to me.,
catchrelease_fisherOptShop,CatchReleaseFisherOptions,"$menuState == catchreleaseFisher
$catchreleaseOutfitter",,,10:catchrelease_fisherShop:Access the outfitter,
catchrelease_fisherOptCharts,CatchReleaseFisherOptions,"$menuState == catchreleaseFisher
$catchreleaseStage >= 6
$catchreleaseShelf",,,20:catchrelease_fisherCharts:Purchase range data,
catchrelease_fisherOptChartsBare,CatchReleaseFisherOptions,"$menuState == catchreleaseFisher
$catchreleaseStage >= 6
!$catchreleaseShelf",,,20:catchrelease_fisherChartsBare:Ask after new range data,
catchrelease_fisherOptSell,CatchReleaseFisherOptions,"$menuState == catchreleaseFisher
$catchreleaseStage >= 3
$catchreleaseHoldHasFish",,,30:catchrelease_fisherSell:Sell fish,
catchrelease_fisherOptRumor,CatchReleaseFisherOptions,"$menuState == catchreleaseFisher
$catchreleaseStage >= 6",,,40:catchrelease_fisherRumor:Ask about rumors,
catchrelease_fisherOptWork,CatchReleaseFisherOptions,"$menuState == catchreleaseFisher
$catchreleaseStage >= 6
!$catchreleaseWork
$catchreleaseWorkAvailable",,,50:catchrelease_fisherWork:Ask about work,
catchrelease_fisherOptWorkActive,CatchReleaseFisherOptions,"$menuState == catchreleaseFisher
$catchreleaseStage >= 6
$catchreleaseWork",,,50:catchrelease_fisherWork:What do I need to fetch again?,
catchrelease_fisherOptOkay,CatchReleaseFisherOptions,"$menuState == catchreleaseFisher
$catchreleaseDrift == 3
!$catchreleaseContinuityQuestionAvailable
!$global.catchrelease_fisherAsked_okay",SetOptionColor catchrelease_fisherOkay highlight,,58:catchrelease_fisherOkay:Are you okay?,
catchrelease_fisherOptContinuitySystem,CatchReleaseFisherOptions,"$menuState == catchreleaseFisher
$catchreleaseContinuityQuestionAvailable",SetOptionColor catchrelease_intro_fourJumps highlight,,60:catchrelease_intro_fourJumps:I just left you in another system.,
catchrelease_fisherOptLeave,CatchReleaseFisherOptions,$menuState == catchreleaseFisher,"SetShortcut catchrelease_fisherLeave ""ESCAPE""",,100:catchrelease_fisherLeave:Leave,
catchrelease_fisherLeave,DialogOptionSelected,$option == catchrelease_fisherLeave,"HideMapMarker
CatchReleaseCMD leaveEncounter",,,
catchrelease_fisherResume,CatchReleaseFisherResume,,"$menuState = catchreleaseFisher 0
CatchReleaseCMD tokens
FireAll CatchReleaseFisherOptions",,,
catchrelease_introSkip,DialogOptionSelected,$option == catchrelease_introSkip,CatchReleaseCMD skipIntro,"The Fisherman studies you for a moment, then nods. ""Yes. You don't need the lessons.""

A crewman adds the transfer to the manifest. ""Take the rig. Good luck.""",100:catchrelease_fisherBack:Continue,
catchrelease_fisherShop,DialogOptionSelected,$option == catchrelease_fisherShop,CatchReleaseCMD openShop,,,
catchrelease_fisherCharts,DialogOptionSelected,$option == catchrelease_fisherCharts,CatchReleaseCMD openCharts,,,
catchrelease_fisherChartsBare,DialogOptionSelected,$option == catchrelease_fisherChartsBare,,"""You've bought what I had. There'll be more when the next records come in.""

He closes the shelf listing. ""Try me later.""",100:catchrelease_fisherBack:Return,
catchrelease_fisherSell,DialogOptionSelected,$option == catchrelease_fisherSell,"CatchReleaseCMD tokens
FireAll CatchReleaseFisherSellOptions","""Let's see what you've brought. I'll pay the going rate.""",,
catchrelease_fisherSellOptionPick,CatchReleaseFisherSellOptions,,,,0:catchrelease_fisherSellPick:Open the fish buyer - pick what sells,
catchrelease_fisherSellOptionCommon,CatchReleaseFisherSellOptions,$catchreleaseSellCommon,"SetOptionColor catchrelease_fisherSellCommon $catchreleaseSellCommonColor
CatchReleaseCMD sellTooltip catchrelease_fisherSellCommon COMMON",,10:catchrelease_fisherSellCommon:Sell all unmarked commons,
catchrelease_fisherSellOptionUncommon,CatchReleaseFisherSellOptions,$catchreleaseSellUncommon,"SetOptionColor catchrelease_fisherSellUncommon $catchreleaseSellUncommonColor
CatchReleaseCMD sellTooltip catchrelease_fisherSellUncommon UNCOMMON",,20:catchrelease_fisherSellUncommon:Sell all unmarked up to uncommon,
catchrelease_fisherSellOptionRare,CatchReleaseFisherSellOptions,$catchreleaseSellRare,"SetOptionColor catchrelease_fisherSellRare $catchreleaseSellRareColor
CatchReleaseCMD sellTooltip catchrelease_fisherSellRare RARE",,30:catchrelease_fisherSellRare:Sell all unmarked up to rare,
catchrelease_fisherSellOptionEpic,CatchReleaseFisherSellOptions,$catchreleaseSellEpic,"SetOptionColor catchrelease_fisherSellEpic $catchreleaseSellEpicColor
CatchReleaseCMD sellTooltip catchrelease_fisherSellEpic EPIC",,40:catchrelease_fisherSellEpic:Sell all unmarked up to epic,
catchrelease_fisherSellOptionBack,CatchReleaseFisherSellOptions,,"SetShortcut catchrelease_fisherBack ""ESCAPE""",,100:catchrelease_fisherBack:Return,
catchrelease_fisherSellPick,DialogOptionSelected,$option == catchrelease_fisherSellPick,CatchReleaseCMD openBuyer,,,
catchrelease_fisherSellCommon,DialogOptionSelected,$option == catchrelease_fisherSellCommon,CatchReleaseCMD sellUpTo COMMON,,,
catchrelease_fisherSellUncommon,DialogOptionSelected,$option == catchrelease_fisherSellUncommon,CatchReleaseCMD sellUpTo UNCOMMON,,,
catchrelease_fisherSellRare,DialogOptionSelected,$option == catchrelease_fisherSellRare,CatchReleaseCMD sellUpTo RARE,,,
catchrelease_fisherSellEpic,DialogOptionSelected,$option == catchrelease_fisherSellEpic,CatchReleaseCMD sellUpTo EPIC,,,
catchrelease_fisherBack,DialogOptionSelected,$option == catchrelease_fisherBack,"HideMapMarker
$menuState = catchreleaseFisher 0
CatchReleaseCMD tokens
FireAll CatchReleaseFisherOptions",,,
catchrelease_fisherOkay,DialogOptionSelected,$option == catchrelease_fisherOkay,$global.catchrelease_fisherAsked_okay = true,"""Never better, thank you for asking."" He studies you for a moment. ""You?""","0:catchrelease_fisherOkayThen:Okay then...
10:catchrelease_fisherOkayMirror:Are you sure? Got a mirror?",
catchrelease_fisherOkayThen,DialogOptionSelected,$option == catchrelease_fisherOkayThen,"$menuState = catchreleaseFisher 0
CatchReleaseCMD tokens
FireAll CatchReleaseFisherOptions",,,
catchrelease_fisherOkayMirror,DialogOptionSelected,$option == catchrelease_fisherOkayMirror,FireBest CatchReleaseFisherDoubt true,"The Fisherman doesn't react. ""Fabric's playing tricks, don't mind it.""",0:catchrelease_fisherOkaySaySo:If you say so.,
catchrelease_fisherOkayPressedBefore,CatchReleaseFisherDoubt,$global.catchrelease_fisherPressedForFabricTruth,,,"10:catchrelease_fisherOkayKnot:This is another one of these knots, isn't it?",
catchrelease_fisherOkayNeverPressed,CatchReleaseFisherDoubt,!$global.catchrelease_fisherPressedForFabricTruth,,,10:catchrelease_introPressLocation:That does not answer the question.,
catchrelease_fisherOkaySaySo,DialogOptionSelected,$option == catchrelease_fisherOkaySaySo,"$menuState = catchreleaseFisher 0
CatchReleaseCMD tokens
FireAll CatchReleaseFisherOptions",,,
catchrelease_fisherOkayKnot,DialogOptionSelected,$option == catchrelease_fisherOkayKnot,,"""A terribly frayed one, especially here."" He checks the local return. ""Don't pull it any tighter than you need to. You'll be out of it soon enough.""",100:catchrelease_fisherBack:Return,
catchrelease_fisherRumorYes,DialogOptionSelected,"$option == catchrelease_fisherRumor score:10
CatchReleaseCMD tokens
$catchreleaseRumor","CatchReleaseCMD rumor
CatchReleaseCMD tokens
FireBest CatchReleaseRumorText",,100:catchrelease_fisherBack:Continue,
catchrelease_rumorRarity,CatchReleaseRumorText,"CatchReleaseCMD tokens
$catchreleaseRumorKind == rarity score:10","CatchReleaseCMD highlightFishText $catchreleaseRumorSystem
CatchReleaseCMD showRumorIntel","""I'd have a look at $catchreleaseRumorSystem if you're after something scarce. I've had catches in from there that I wouldn't normally expect to see on the same manifest.""

The Fisherman sends you the report. ""The rarer patterns are coming through more often. Worth a trip while it lasts.""",,
catchrelease_rumorLoot,CatchReleaseRumorText,"CatchReleaseCMD tokens
$catchreleaseRumorKind == loot score:10","CatchReleaseCMD highlightFishText $catchreleaseRumorSystem
CatchReleaseCMD showRumorIntel","""$catchreleaseRumorSystem has been bringing up a fair amount of bycatch. Crews are finding more of it during retrieval, though most of the tally is ordinary salvage.""

He sends the recent returns across. ""Leave yourself some hold space if you're going.""",,
catchrelease_rumorOutsider,CatchReleaseRumorText,"CatchReleaseCMD tokens
$catchreleaseRumorKind == stranger score:10","CatchReleaseCMD highlightFishText $catchreleaseRumorStranger $catchreleaseRumorSystem
CatchReleaseCMD showRumorIntel","""Have you been looking for $catchreleaseRumorStranger? There are catches coming in from $catchreleaseRumorSystem, outside its usual range.""

The Fisherman attaches the report. ""The specimens have been good, too. I wouldn't alter the permanent chart on the strength of it, but I'd fish there now.""",,
catchrelease_rumorSize,CatchReleaseRumorText,"CatchReleaseCMD tokens
$catchreleaseRumorKind == size score:10",CatchReleaseCMD showRumorIntel,"""There's been some heavy catch coming out of $catchreleaseRumorSystem. Enough of it that the buyers have started asking where the boats worked.""

He sends you the measurements. ""Nothing outside the usual limits. You're just more likely to land a big one at the moment.""",,
catchrelease_rumorCalm,CatchReleaseRumorText,"CatchReleaseCMD tokens
$catchreleaseRumorKind == calm score:10","CatchReleaseCMD highlightFishText $catchreleaseRumorSystem
CatchReleaseCMD showRumorIntel","""Try $catchreleaseRumorSystem if you want an easier retrieval. The fish haven't been running as hard there lately.""

The Fisherman checks the date on the report before sending it. ""You still have to follow them, but it should give you a bit more time to correct a mistake.""",,
catchrelease_rumorValuableLoot,CatchReleaseRumorText,"CatchReleaseCMD tokens
$catchreleaseRumorKind == valuable_loot score:10","CatchReleaseCMD highlightFishText $catchreleaseRumorSystem
CatchReleaseCMD showRumorIntel","""$catchreleaseRumorSystem is worth a look for salvage. Some of the bycatch coming up there has been valuable enough to pay for the trip.""

He opens the tally for you. ""Not more chances to grab it, necessarily. Better odds that what you get is worth keeping.""",,
catchrelease_rumorRarityLoot,CatchReleaseRumorText,"CatchReleaseCMD tokens
$catchreleaseRumorKind == rarity_loot score:10",CatchReleaseCMD showRumorIntel,"""There's a good report from $catchreleaseRumorSystem. Rarer patterns are turning up often enough that I'd go after them now.""

He includes the salvage tally with the catch records. ""The crews working there have been seeing more bycatch during retrieval as well. You may come home with more than the fish you went for.""",,
catchrelease_rumorSizeCalm,CatchReleaseRumorText,"CatchReleaseCMD tokens
$catchreleaseRumorKind == size_calm score:10",CatchReleaseCMD showRumorIntel,"""I'd try $catchreleaseRumorSystem. The catches have been heavier than usual, and the retrievals are easier.""

The Fisherman reads a little further down the report. ""Good place to fill an order for a large specimen. Less work chasing it around once you've got hold.""",,
catchrelease_rumorStrangerCalm,CatchReleaseRumorText,"CatchReleaseCMD tokens
$catchreleaseRumorKind == stranger_calm score:10","CatchReleaseCMD highlightFishText $catchreleaseRumorStranger
CatchReleaseCMD showRumorIntel","""$catchreleaseRumorStranger has been turning up in $catchreleaseRumorSystem. It's outside the charted range, but the catches are there.""

He passes you the retrieval records as well. ""They've had an easier time landing fish in that system lately. If you're missing this one, now would be a good time to try.""",,
catchrelease_rumorLootValuable,CatchReleaseRumorText,"CatchReleaseCMD tokens
$catchreleaseRumorKind == loot_valuable score:10",CatchReleaseCMD showRumorIntel,"""Keep some room in the hold if you go to $catchreleaseRumorSystem. Crews there have been seeing more bycatch during retrieval, and a fair share of it has been worth selling.""

He sends the tally. ""There's scrap in there too. Don't throw away a good catch chasing every bit of it.""",,
catchrelease_rumorExtremeStability,CatchReleaseRumorText,"CatchReleaseCMD tokens
$catchreleaseRumorKind == extreme_stability score:10","CatchReleaseCMD highlightFishText $catchreleaseRumorSystem
CatchReleaseCMD showRumorIntel","""$catchreleaseRumorSystem is holding remarkably well. Much better than it usually does.""

The Fisherman sends you the latest coherence report. ""If you've been avoiding it because of the fabric, you might want to take the opportunity. Don't expect the change to be permanent.""",,
catchrelease_rumorExtremeInstability,CatchReleaseRumorText,"CatchReleaseCMD tokens
$catchreleaseRumorKind == extreme_instability score:10",CatchReleaseCMD showRumorIntel,"""Check this before you go through $catchreleaseRumorSystem. The fabric's barely holding, and that isn't what the usual chart will tell you.""

The Fisherman leaves the coherence report open. ""You can still fish it. Keep the trip short, and don't leave your crew sitting there while you decide what else to catch.""",,
catchrelease_rumorUnavailable,CatchReleaseRumorText,CatchReleaseCMD tokens,,"""Nothing worth sending you after.""",,fallback for a missing or unknown rumor kind
catchrelease_fisherRumorNo,DialogOptionSelected,"$option == catchrelease_fisherRumor score:5
CatchReleaseCMD tokens
!$catchreleaseRumor",,"""Nothing worth sending you after.""",100:catchrelease_fisherBack:Continue,
catchrelease_workPondInstructions,CatchReleaseWorkPondInstructions,,,"At the marked rupture, look for the bright cyan mote that identifies the requested specimen. Retrieve that specimen with the ROD/LYNE rig. Ordinary catches of the same pattern do not qualify.",,
catchrelease_workLampInstructions,CatchReleaseWorkLampInstructions,,,"At the marked open-space point, use Breach Lights first. Once the breach is open, look for the bright cyan mote that identifies the requested specimen and retrieve it with the Harpoon. Ordinary catches of the same pattern do not qualify.",,
catchrelease_workOffer,DialogOptionSelected,"$option == catchrelease_fisherWork score:20
CatchReleaseCMD tokens
!$catchreleaseWork","CatchReleaseCMD rollWork
FireBest CatchReleaseWorkOffer",,,
catchrelease_workOfferText,CatchReleaseWorkOffer,$catchreleaseWorkRolled,"CatchReleaseCMD highlightWorkText $catchreleaseWorkFish $catchreleaseWorkPay
CatchReleaseCMD showWorkMap ""Target: $catchreleaseWorkWhere""","""I've a range record I'd like checked. $catchreleaseWorkFish, in $catchreleaseWorkWhere.""

The Fisherman shows you the specimen trace. ""This particular one. Its coherence should read Unstable or worse, even if the surrounding system looks better. Another fish of the same pattern won't answer the question.""

$catchreleaseWorkInstructions

""I'll pay $catchreleaseWorkPay when you bring it in. And I'll carry another chart on the shelf for you after this.""","0:catchrelease_workTake:Take the work
100:catchrelease_fisherBack:Not now",
catchrelease_workOfferNone,CatchReleaseWorkOffer,!$catchreleaseWorkRolled,HideMapMarker,"The Fisherman works through the available range entries, then closes the list.

""Nothing I can put a mark on right now.""",100:catchrelease_fisherBack:Continue,
catchrelease_workTake,DialogOptionSelected,$option == catchrelease_workTake,"HideMapMarker
CatchReleaseCMD takeWork",The system is added to your intel log.,100:catchrelease_fisherBack:Continue,
catchrelease_workDone,DialogOptionSelected,"$option == catchrelease_fisherWork score:30
CatchReleaseCMD tokens
$catchreleaseWork
$catchreleaseWorkMet",SetOptionColor catchrelease_workTurnIn highlight,"The Fisherman compares your specimen record with the trace he gave you.

""Yes, that's the one I asked for. Have your crew bring it over when you're ready.""","0:catchrelease_workTurnIn:Hand it over
100:catchrelease_fisherBack:Not yet",
catchrelease_workTurnInPicker,DialogOptionSelected,"$option == catchrelease_workTurnIn
!$catchreleaseWorkHandoffPaid",CatchReleaseCMD turnInWork,,,
catchrelease_workTurnIn,DialogOptionSelected,"$option == catchrelease_workTurnIn
$catchreleaseWorkHandoffPaid",,"The Fisherman keeps the coherence plot open while his crew take the container aft.

""That gives me what I needed. Your payment's through. There'll be another range entry on the shelf for you as well.""",100:catchrelease_fisherBack:Continue,
catchrelease_workWaiting,DialogOptionSelected,"$option == catchrelease_fisherWork score:25
CatchReleaseCMD tokens
$catchreleaseWork
!$catchreleaseWorkMet","CatchReleaseCMD highlightWorkText $catchreleaseWorkFish
CatchReleaseCMD showWorkMap ""Target: $catchreleaseWorkWhere""","""Still after $catchreleaseWorkFish in $catchreleaseWorkWhere. The particular specimen I marked, with its own coherence reading of Unstable or worse. It doesn't matter if the system itself is holding better.""

He sends the trace again.

$catchreleaseWorkInstructions",100:catchrelease_fisherBack:Continue,
,,,,,,
# fisherman questions,,,,,,
catchrelease_fisherOptAsk,CatchReleaseFisherOptions,"$menuState == catchreleaseFisher
$catchreleaseStage >= 2",,,60:catchrelease_fisherAsk:Ask about something else,
catchrelease_fisherAsk,DialogOptionSelected,$option == catchrelease_fisherAsk,"$catchreleaseFisherAskPage = 0 0
CatchReleaseCMD tokens
CatchReleaseCMD fisherQuestions
FireAll CatchReleaseFisherQuestions","""Go ahead."" The Fisherman sets his work aside and gives you the channel.",,
catchrelease_fisherAskBack,DialogOptionSelected,$option == catchrelease_fisherAskBack,"CatchReleaseCMD tokens
CatchReleaseCMD fisherQuestions
FireAll CatchReleaseFisherQuestions",,,
catchrelease_fisherAskOptPrevious,CatchReleaseFisherQuestions,$catchreleaseFisherAskHasPrevious,,,90:catchrelease_fisherAskPagePrevious:Previous,questions sort before order 90; CatchReleaseCMD fisherQuestions pages them
catchrelease_fisherAskOptNext,CatchReleaseFisherQuestions,$catchreleaseFisherAskHasNext,,,90:catchrelease_fisherAskPageNext:Next,
catchrelease_fisherAskOptBack,CatchReleaseFisherQuestions,,"SetShortcut catchrelease_fisherBack ""ESCAPE""",,100:catchrelease_fisherBack:I've heard enough.,
catchrelease_fisherOptAsk_bycatch,CatchReleaseFisherQuestions,"$catchreleaseBycatchPending
CatchReleaseCMD fisherAskOnPage",,,catchrelease_fisherBycatch:Ask about what came up with the catch.,
catchrelease_fisherBycatch,DialogOptionSelected,$option == catchrelease_fisherBycatch,CatchReleaseCMD ackBycatch,"""Bycatch. The rig brings other things through with the pattern. Wreckage, cargo, sometimes something you can use.""

The Fisherman looks over your salvage manifest. ""The LYNE's clamps limit what you can recover. There are modifications for heavier loads; ask around in port for the schematics if you mean to make a habit of it.""",0:catchrelease_fisherAskBack:Something else,
catchrelease_fisherOptAsk_howLong,CatchReleaseFisherQuestions,"$catchreleaseStage >= 1
!$global.catchrelease_fisherAsked_howLong
CatchReleaseCMD fisherAskOnPage",,,catchrelease_ask_howLong:How long have you been out here?,
catchrelease_ask_howLong,DialogOptionSelected,$option == catchrelease_ask_howLong,$global.catchrelease_fisherAsked_howLong = true,"""I was working with the ROD when it was still a cargo-handling project. There wasn't much interest in fishing at the time.""

The Fisherman checks the control unit in front of him. ""We've changed the equipment a fair bit since then.""",0:catchrelease_fisherAskBack:Something else,
catchrelease_fisherOptAsk_whyOut,CatchReleaseFisherQuestions,"$catchreleaseStage >= 4
!$global.catchrelease_fisherAsked_whyOut
CatchReleaseCMD fisherAskOnPage",,,catchrelease_ask_whyOut:Why are you always so far out?,
catchrelease_ask_whyOut,DialogOptionSelected,$option == catchrelease_ask_whyOut,$global.catchrelease_fisherAsked_whyOut = true,"""Fabric's thick where people are. A settled world, a station, all that living in one place: it helps things hold.""

He brings up the local chart. ""Out here there's less of it. Easier to open a rupture, and you can work without putting a traffic lane through the middle of your fishing.""",0:catchrelease_fisherAskBack:Something else,
catchrelease_fisherOptAsk_looking,CatchReleaseFisherQuestions,"$catchreleaseStage >= 5
!$global.catchrelease_fisherAsked_looking
CatchReleaseCMD fisherAskOnPage",,,catchrelease_ask_looking:What happens to somebody who looks at the catch?,
catchrelease_ask_looking,DialogOptionSelected,$option == catchrelease_ask_looking,$global.catchrelease_fisherAsked_looking = true,"""They look."" He turns a control unit over in his hands. ""Don't mistake it for seeing you.""","0:catchrelease_ask_lookingFollow:What's the difference?
10:catchrelease_fisherAskBack:Something else",
catchrelease_ask_lookingFollow,DialogOptionSelected,$option == catchrelease_ask_lookingFollow,,"""Enough of one that I wouldn't start treating the catch as a passenger.""

The Fisherman puts the control unit down. ""You can watch what it does, Captain. Be careful what you decide that means.""",0:catchrelease_fisherAskBack:Something else,
catchrelease_fisherOptAsk_patterns,CatchReleaseFisherQuestions,"$catchreleaseStage >= 3
!$global.catchrelease_fisherAsked_patterns
CatchReleaseCMD fisherAskOnPage",,,"catchrelease_ask_patterns:The patterns. What are they, actually?",
catchrelease_ask_patterns,DialogOptionSelected,$option == catchrelease_ask_patterns,$global.catchrelease_fisherAsked_patterns = true,"""Pattern is the technical term for what takes shape as we bring it through. You'll find it in the retrieval records. Ghost is the older spacer name.""

The Fisherman brings up a catch entry. ""When you're selling it, fish will usually do. The buyer can see what you've brought.""","0:catchrelease_ask_patternsWhy:Why fish?
10:catchrelease_fisherAskBack:Something else",
catchrelease_ask_patternsWhy,DialogOptionSelected,$option == catchrelease_ask_patternsWhy,,"""That isn't something the range record will tell you. It will tell you where to find one and what you'll need to bring it home.""

He leaves the catch entry on the display. ""Start there.""",0:catchrelease_fisherAskBack:Something else,
catchrelease_fisherOptAsk_deepWater,CatchReleaseFisherQuestions,"$catchreleaseStage >= 4
!$global.catchrelease_fisherAsked_deepWater
CatchReleaseCMD fisherAskOnPage",,,catchrelease_ask_deepWater:Why is the deep water worse?,
catchrelease_ask_deepWater,DialogOptionSelected,$option == catchrelease_ask_deepWater,$global.catchrelease_fisherAsked_deepWater = true,"""Not water. Thinner fabric. A pattern gets less help holding one shape out there. Same goes for your crew. Keep the trip short, and don't turn it into research.""",0:catchrelease_fisherAskBack:Something else,
catchrelease_fisherOptAsk_searchlightDrones,CatchReleaseFisherQuestions,"$catchreleaseStage >= 4
!$global.catchrelease_fisherAsked_searchlightDrones
CatchReleaseCMD fisherAskOnPage",,,catchrelease_ask_searchlightDrones:Why can't I use the drones with the searchlights?,
catchrelease_ask_searchlightDrones,DialogOptionSelected,$option == catchrelease_ask_searchlightDrones,$global.catchrelease_fisherAsked_searchlightDrones = true,"""The lights don't open a full breach. You can reach a pattern with a ROD, but an ordinary drone can't make the trip back. You'd be leaving it stuck beyond the fabric.""

The Fisherman opens the harpoon schematic. ""The harpoon's return trace stays connected to the ship. It doesn't have to find its own way across.""","0:catchrelease_ask_searchlightDronesGotIt:Got it.
10:catchrelease_ask_searchlightDronesChange:Can that be changed?",
catchrelease_ask_searchlightDronesGotIt,DialogOptionSelected,$option == catchrelease_ask_searchlightDronesGotIt,"CatchReleaseCMD tokens
CatchReleaseCMD fisherQuestions
FireAll CatchReleaseFisherQuestions","""Good.""",,
catchrelease_ask_searchlightDronesChange,DialogOptionSelected,$option == catchrelease_ask_searchlightDronesChange,,"""There's a schematic for a drone-side modification. Rare one. It changes how the rig handles the return through a light-made breach.""

He brings up the outfitter listing. ""I've heard there's a copy in circulation. If someone offers it for a job, that's the one you want.""",0:catchrelease_ask_searchlightDronesKeepEye:I'll keep an eye out.,
catchrelease_ask_searchlightDronesKeepEye,DialogOptionSelected,$option == catchrelease_ask_searchlightDronesKeepEye,"CatchReleaseCMD tokens
CatchReleaseCMD fisherQuestions
FireAll CatchReleaseFisherQuestions","""Do that.""",,
catchrelease_fisherOptAsk_fishBack,CatchReleaseFisherQuestions,"$catchreleaseStage >= 5
!$global.catchrelease_fisherAsked_fishBack
CatchReleaseCMD fisherAskOnPage",,,catchrelease_ask_fishBack:Does anything out there fish back?,
catchrelease_ask_fishBack,DialogOptionSelected,$option == catchrelease_ask_fishBack,$global.catchrelease_fisherAsked_fishBack = true,"""Not with any rig module I'd sell you.""

Behind him, a crewman reaches through a closed locker door and removes a wrench.

The Fisherman goes on cleaning the control unit.",0:catchrelease_fisherAskBack:Something else,
catchrelease_fisherOptAsk_largest,CatchReleaseFisherQuestions,"$catchreleaseStage >= 6
!$global.catchrelease_fisherAsked_largest
CatchReleaseCMD fisherAskOnPage",,,catchrelease_ask_largest:What is the largest thing you have landed?,
catchrelease_ask_largest,DialogOptionSelected,$option == catchrelease_ask_largest,$global.catchrelease_fisherAsked_largest = true,"""One I didn't land.""","0:catchrelease_ask_largestFollow:How large?
10:catchrelease_fisherAskBack:Something else",
catchrelease_ask_largestFollow,DialogOptionSelected,$option == catchrelease_ask_largestFollow,,"""Large enough that leaving it there was cheaper.""",0:catchrelease_fisherAskBack:Something else,
catchrelease_fisherOptAsk_longliner,CatchReleaseFisherQuestions,"CatchReleaseCMD longlinerEncountered
!$global.catchrelease_fisherAsked_longliner
CatchReleaseCMD fisherAskOnPage",,,catchrelease_ask_longliner:I just had you turn into a fish.,
catchrelease_ask_longliner,DialogOptionSelected,$option == catchrelease_ask_longliner,$global.catchrelease_fisherAsked_longliner = true,"The Fisherman looks down, pats his coat pockets, then checks the nearest display.

""No. You put the lamps on a fishing boat and hauled in a whale.""

He scrolls back through the return once. ""Busy instruments make poor witnesses. I wouldn't trouble them further.""",0:catchrelease_fisherAskBack:Something else,
catchrelease_fisherOptAsk_tackle,CatchReleaseFisherQuestions,"$catchreleaseStage >= 4
!$global.catchrelease_fisherAsked_tackle
CatchReleaseCMD fisherAskOnPage",,,catchrelease_ask_tackle:What are rig modules?,
catchrelease_ask_tackle,DialogOptionSelected,$option == catchrelease_ask_tackle,$global.catchrelease_fisherAsked_tackle = true,"""Buy a module once and you can fit it when you need it. Each rig has one slot, so you'll have to choose.""

He opens the catalogue. ""You need the schematic before you can buy the module. Jobs are a good way to get those. After that, refitting doesn't cost you another set of hardware.""",0:catchrelease_fisherAskBack:Something else,
catchrelease_fisherOptAsk_upgrade,CatchReleaseFisherQuestions,"$catchreleaseStage >= 4
!$global.catchrelease_fisherAsked_upgrade
CatchReleaseCMD fisherAskOnPage",,,catchrelease_ask_upgrade:What is an upgrade?,
catchrelease_ask_upgrade,DialogOptionSelected,$option == catchrelease_ask_upgrade,$global.catchrelease_fisherAsked_upgrade = true,"""An upgrade improves the equipment permanently. You don't swap it out when you change jobs.""

He opens the tier listing. ""Buy the early tiers as you need them. Each of the final two needs its own schematic; keep an eye on what people are offering for work.""",0:catchrelease_fisherAskBack:Something else,
catchrelease_fisherOptAsk_outfitterPayment,CatchReleaseFisherQuestions,"$catchreleaseStage >= 4
!$global.catchrelease_fisherAsked_outfitterPayment
CatchReleaseCMD fisherAskOnPage",,,catchrelease_ask_outfitterPayment:Why does the outfitter take fish for payment?,
catchrelease_ask_outfitterPayment,DialogOptionSelected,$option == catchrelease_ask_outfitterPayment,$global.catchrelease_fisherAsked_outfitterPayment = true,"""I take catch in payment, Captain. You've got fish, and you need equipment. We can settle it directly.""

He turns the payment listing toward you. ""Check what the outfitter is asking for before you bring it in.""",0:catchrelease_fisherAskBack:Something else,
catchrelease_fisherAsked_bycatch,CatchReleaseFisherQuestions,"CatchReleaseCMD bycatchExplained
CatchReleaseCMD fisherAskOnPage",SetOptionColor catchrelease_fisherBycatch gray,,50:catchrelease_fisherBycatch:Ask about what came up with the catch.,
catchrelease_fisherAsked_howLong,CatchReleaseFisherQuestions,"$catchreleaseStage >= 1
$global.catchrelease_fisherAsked_howLong
CatchReleaseCMD fisherAskOnPage",SetOptionColor catchrelease_ask_howLong gray,,50:catchrelease_ask_howLong:How long have you been out here?,
catchrelease_fisherAsked_whyOut,CatchReleaseFisherQuestions,"$catchreleaseStage >= 4
$global.catchrelease_fisherAsked_whyOut
CatchReleaseCMD fisherAskOnPage",SetOptionColor catchrelease_ask_whyOut gray,,50:catchrelease_ask_whyOut:Why are you always so far out?,
catchrelease_fisherAsked_looking,CatchReleaseFisherQuestions,"$catchreleaseStage >= 5
$global.catchrelease_fisherAsked_looking
CatchReleaseCMD fisherAskOnPage",SetOptionColor catchrelease_ask_looking gray,,50:catchrelease_ask_looking:What happens to somebody who looks at the catch?,
catchrelease_fisherAsked_patterns,CatchReleaseFisherQuestions,"$catchreleaseStage >= 3
$global.catchrelease_fisherAsked_patterns
CatchReleaseCMD fisherAskOnPage",SetOptionColor catchrelease_ask_patterns gray,,"50:catchrelease_ask_patterns:The patterns. What are they, actually?",
catchrelease_fisherAsked_deepWater,CatchReleaseFisherQuestions,"$catchreleaseStage >= 4
$global.catchrelease_fisherAsked_deepWater
CatchReleaseCMD fisherAskOnPage",SetOptionColor catchrelease_ask_deepWater gray,,50:catchrelease_ask_deepWater:Why is the deep water worse?,
catchrelease_fisherAsked_searchlightDrones,CatchReleaseFisherQuestions,"$catchreleaseStage >= 4
$global.catchrelease_fisherAsked_searchlightDrones
CatchReleaseCMD fisherAskOnPage",SetOptionColor catchrelease_ask_searchlightDrones gray,,50:catchrelease_ask_searchlightDrones:Why can't I use the drones with the searchlights?,
catchrelease_fisherAsked_fishBack,CatchReleaseFisherQuestions,"$catchreleaseStage >= 5
$global.catchrelease_fisherAsked_fishBack
CatchReleaseCMD fisherAskOnPage",SetOptionColor catchrelease_ask_fishBack gray,,50:catchrelease_ask_fishBack:Does anything out there fish back?,
catchrelease_fisherAsked_largest,CatchReleaseFisherQuestions,"$catchreleaseStage >= 6
$global.catchrelease_fisherAsked_largest
CatchReleaseCMD fisherAskOnPage",SetOptionColor catchrelease_ask_largest gray,,50:catchrelease_ask_largest:What is the largest thing you have landed?,
catchrelease_fisherAsked_longliner,CatchReleaseFisherQuestions,"CatchReleaseCMD longlinerEncountered
$global.catchrelease_fisherAsked_longliner
CatchReleaseCMD fisherAskOnPage",SetOptionColor catchrelease_ask_longliner gray,,50:catchrelease_ask_longliner:I just had you turn into a fish.,
catchrelease_fisherAsked_tackle,CatchReleaseFisherQuestions,"$catchreleaseStage >= 4
$global.catchrelease_fisherAsked_tackle
CatchReleaseCMD fisherAskOnPage",SetOptionColor catchrelease_ask_tackle gray,,50:catchrelease_ask_tackle:What are rig modules?,
catchrelease_fisherAsked_upgrade,CatchReleaseFisherQuestions,"$catchreleaseStage >= 4
$global.catchrelease_fisherAsked_upgrade
CatchReleaseCMD fisherAskOnPage",SetOptionColor catchrelease_ask_upgrade gray,,50:catchrelease_ask_upgrade:What is an upgrade?,
catchrelease_fisherAsked_outfitterPayment,CatchReleaseFisherQuestions,"$catchreleaseStage >= 4
$global.catchrelease_fisherAsked_outfitterPayment
CatchReleaseCMD fisherAskOnPage",SetOptionColor catchrelease_ask_outfitterPayment gray,,50:catchrelease_ask_outfitterPayment:Why does the outfitter take fish for payment?,
catchrelease_fisherAskPageNext,DialogOptionSelected,$option == catchrelease_fisherAskPageNext,"$catchreleaseFisherAskPage++ 0
CatchReleaseCMD tokens
CatchReleaseCMD fisherQuestions
FireAll CatchReleaseFisherQuestions",,,
catchrelease_fisherAskPagePrevious,DialogOptionSelected,$option == catchrelease_fisherAskPagePrevious,"$catchreleaseFisherAskPage-- 0
CatchReleaseCMD tokens
CatchReleaseCMD fisherQuestions
FireAll CatchReleaseFisherQuestions",,,
,,,,,,
# tutorial spacer bar event,,,,,,
catchrelease_ratingBarAdd,AddBarEvents,"$global.catchrelease_marketsSeen >= 2
$global.catchrelease_intro_stage < 1
CatchReleaseCMD tokens
$catchreleaseFishWelcome","AddBarEvent catchrelease_ratingBar ""Ask the spacer in faded deck coveralls about the fishing boats"" ""A spacer in faded deck coveralls has been working on the same drink for most of the evening. There is no ship patch on the shoulder, though the boots and knuckles both suggest recent employment."" highlight",,,
catchrelease_ratingBarTalk,DialogOptionSelected,$option == catchrelease_ratingBar,"$global.catchrelease_metRating = true
CatchReleaseCMD rememberRatingPlanet
CatchReleaseCMD point
CatchReleaseCMD showIntroIntel
FireAll CatchReleaseRatingQuestions","""Work? If you're taking a ship out past the picket, try the fishing boats.""

The spacer turns the glass between both hands.

""They're usually holding away from the inhabited traffic. Big rigs. Need a crane for half the servicing.""

""Ask for the Fisherman. He'll find something for you if you're willing.""",,
catchrelease_ratingQuestionWhere,CatchReleaseRatingQuestions,!$catchrelease_ratingAskedWhere,,,0:catchrelease_ratingBarWhere:Where do I find the trawler?,
catchrelease_ratingQuestionFishing,CatchReleaseRatingQuestions,!$catchrelease_ratingAskedFishing,,,20:catchrelease_ratingBarFishing:Fishing. In space.,
catchrelease_ratingQuestionBack,CatchReleaseRatingQuestions,,"SetShortcut catchrelease_ratingBarBack ""ESCAPE""",,100:catchrelease_ratingBarBack:Go back to the bar,
catchrelease_ratingBarFishing,DialogOptionSelected,$option == catchrelease_ratingBarFishing,"$catchrelease_ratingAskedFishing = true 0
FireAll CatchReleaseRatingQuestions","""That's what they call it.""

The spacer considers the objection. ""There's catch. There's buyers. There's gear. Sounds like fishing from my end of the loading bay.""",,
catchrelease_ratingBarWhere,DialogOptionSelected,$option == catchrelease_ratingBarWhere,"CatchReleaseCMD point
$catchrelease_ratingAskedWhere = true 0
FireAll CatchReleaseRatingQuestions","""Out past the settled orbits. They don't come in to berth much.""

The spacer gives you a nav reference.

""Look for trawlers. If there's one in-system, hail it and ask. Someone will know where he is.""",,
catchrelease_ratingBarBack,DialogOptionSelected,$option == catchrelease_ratingBarBack,BarCMD returnFromEvent false,,,
,,,,,,
# crablobab,,,,,,
catchrelease_crabBarAdd,AddBarEvents,CatchReleaseCMD crabBarAvailable,"AddBarEvent catchrelease_crabBar ""Ask the man with the crabs how business is going"" ""A cheerful man in a heavy coat is attempting to sell live crabs to people who came here to drink. The coat has a remarkable number of pockets. The crabs appear to be doing most of the negotiating.""",,,
catchrelease_crabBar,DialogOptionSelected,"$option == catchrelease_crabBar
!$global.catchrelease_metCrablobab","SaveCurrentVisual
CatchReleaseCMD showCrabPortrait
$global.catchrelease_metCrablobab = true
SetShortcut catchrelease_crabLeave ""ESCAPE""","""Terrible!"" He seems delighted. ""Crablobab. Me and the crabs. Saves introductions.""

A claw emerges from the crate. He takes it between two fingers and pushes it back in through the opposite side.

""You fish. Good! I've been waiting for a customer with problems.""

He opens his coat a little. ""Or money. Either is a promising start.""","0:catchrelease_crabStall:What sort of things?
10:catchrelease_crabCrabs:Why the crabs?
100:catchrelease_crabLeave:Leave",
catchrelease_crabBarExplosive,DialogOptionSelected,"$option == catchrelease_crabBar
$global.catchrelease_metCrablobab
CatchReleaseCMD crabExplosivePending
CatchReleaseCMD tokens","SaveCurrentVisual
CatchReleaseCMD showCrabPortrait
CatchReleaseCMD crabAcknowledgeExplosive
CatchReleaseCMD highlightFishText $catchreleaseCrabExplosiveTarget
SetShortcut catchrelease_crabLeave ""ESCAPE""","""You!"" Crablobab points with both hands. ""$catchreleaseCrabExplosiveTarget!""

Something flashes inside his shoulder pocket.

""So it worked! Come, tell me all about it. Was it loud? Of course it was loud. I put that in myself.""

He makes room on the counter. ""You'll be wanting another.""","0:catchrelease_crabStall:Show me what you have
100:catchrelease_crabLeave:Leave",
catchrelease_crabBarRepeat,DialogOptionSelected,"$option == catchrelease_crabBar
$global.catchrelease_metCrablobab
CatchReleaseCMD tokens","SaveCurrentVisual
CatchReleaseCMD showCrabPortrait
SetShortcut catchrelease_crabLeave ""ESCAPE""","""Back again! Excellent. A returning customer.""

He retrieves a crab from the next stool and puts it through a pocket into the crate.

""That one too. Very good for business, all this coming back. What have you run out of?""","0:catchrelease_crabStall:Show me what you have
100:catchrelease_crabLeave:Leave",
catchrelease_crabCrabs,DialogOptionSelected,$option == catchrelease_crabCrabs,"SetShortcut catchrelease_crabLeave ""ESCAPE""","""Dependable! Easy to count. If you lose one, look under something.""

He pats the crate. Something inside his coat knocks back.

""And everybody wants crabs. You do, for instance. You came straight over.""","0:catchrelease_crabStall:Ask about the merchandise
100:catchrelease_crabLeave:Leave",
catchrelease_crabStallEmpty,DialogOptionSelected,"$option == catchrelease_crabStall score:20
CatchReleaseCMD tokens
!$catchreleaseCrabAny","CatchReleaseCMD showCrabPortrait
FireAll CatchReleaseCrabStallOptions","Crablobab opens his coat. The shelves are empty.

He checks one pocket, then another. A crab checks the first one again.

""Nothing."" He considers this. ""Except crabs.""",,
catchrelease_crabStall,DialogOptionSelected,"$option == catchrelease_crabStall score:10
CatchReleaseCMD tokens
$catchreleaseCrabAny","CatchReleaseCMD showCrabPortrait
FireAll CatchReleaseCrabStallOptions","Crablobab opens his coat. The inside contains shelves. One of them is far enough away to require a light.

""Shop!""",,
catchrelease_crabWareCelebration,DialogOptionSelected,"$option == catchrelease_crabWareCelebration score:10
CatchReleaseCMD tokens
$catchreleaseCrabCelebrationAfford",SetTextHighlights $catchreleaseCrabCelebrationPrice $catchreleaseCrabCelebrationCrabs,"Crablobab reaches past a shelf several metres inside his coat and retrieves a cartridge box.

""Celebration charges! They go off when the catch comes aboard. Paper, colours, everybody looks up. Much better than telling the crew you've caught something.""

He gives the box a shake.

""You'll be finding paper in the vents for weeks. A lasting impression!""

The price is $catchreleaseCrabCelebrationPrice and $catchreleaseCrabCelebrationCrabs crabs.","0:catchrelease_crabBuyCelebration:Pay him
10:catchrelease_crabStall:Another time.",
catchrelease_crabWareCelebrationShort,DialogOptionSelected,"$option == catchrelease_crabWareCelebration score:5
CatchReleaseCMD tokens
!$catchreleaseCrabCelebrationAfford",SetTextHighlights $catchreleaseCrabCelebrationPrice $catchreleaseCrabCelebrationCrabs,"""Celebration charges! Catch comes aboard, these go off. Paper everywhere. Even the engine room gets some eventually.""

Crablobab takes a cartridge box from a high shelf inside his coat.

""$catchreleaseCrabCelebrationPrice and $catchreleaseCrabCelebrationCrabs crabs.""

He considers what you have, then sets the box aside.

""Not quite. We'll celebrate when you've got the rest!""",10:catchrelease_crabStall:Another time.,
catchrelease_crabBuyCelebration,DialogOptionSelected,$option == catchrelease_crabBuyCelebration,CatchReleaseCMD crabBuy CELEBRATION,"He hands you a box too large for the breast pocket it came out of.

""The Outfitter can switch them on and off. Very important, the off. People ask for it after the first few catches.""

Crablobab brushes a strip of coloured paper from your shoulder.",0:catchrelease_crabStall:Continue,
catchrelease_crabWareEarmuffs,DialogOptionSelected,"$option == catchrelease_crabWareEarmuffs score:10
CatchReleaseCMD tokens
$catchreleaseCrabEarmuffsAfford",SetTextHighlights $catchreleaseCrabEarmuffsPrice $catchreleaseCrabEarmuffsCrabs,"""Whispering? These!""

Crablobab already has a pair of earmuffs in his hands. He presses the cushions together for your inspection.

""Comfortable. Good seal. Put them on and you don't have to listen anymore.""

He lays them beside a little recorder taken from his coat. Faint whispering comes from its speaker.

""$catchreleaseCrabEarmuffsPrice, and $catchreleaseCrabEarmuffsCrabs crabs. For the pair. People always ask.""","0:catchrelease_crabBuyEarmuffs:Pay him
10:catchrelease_crabStall:Another time.",
catchrelease_crabWareEarmuffsShort,DialogOptionSelected,"$option == catchrelease_crabWareEarmuffs score:5
CatchReleaseCMD tokens
!$catchreleaseCrabEarmuffsAfford",SetTextHighlights $catchreleaseCrabEarmuffsPrice $catchreleaseCrabEarmuffsCrabs,"""Whispering? These!""

Crablobab presses the cushions of a pair of earmuffs together.

""Comfortable. Good seal. Put them on and you don't have to listen anymore. $catchreleaseCrabEarmuffsPrice, and $catchreleaseCrabEarmuffsCrabs crabs.""

He counts what you can offer, then draws the earmuffs into his sleeve.

""Almost! But I can't sell you just the one. The other ear would complain.""",10:catchrelease_crabStall:Another time.,
catchrelease_crabBuyEarmuffs,DialogOptionSelected,$option == catchrelease_crabBuyEarmuffs,CatchReleaseCMD crabBuy EARMUFFS,"""Try them.""

The cushions are warm. Once fitted, you can no longer hear the whispering from the recorder.

""There. Much nicer. The Outfitter will keep the setting for you.""

Crablobab continues talking while you take them off. He appears to have been recommending them the entire time.",0:catchrelease_crabStall:Continue,
catchrelease_crabWareChicken_profile,DialogOptionSelected,"$option == catchrelease_crabWareChicken_profile score:10
CatchReleaseCMD tokens
$catchreleaseCrabChicken_profileAfford",SetTextHighlights $catchreleaseCrabChicken_profilePrice $catchreleaseCrabChicken_profileCrabs,"""Chicken!""

Crablobab produces a display tile from behind a rack of boxed merchandise inside his coat. A chicken crosses the screen, disappears off one edge and comes back at the other.

""For the fishing display. When you haven't got a head that shows the fish on the hook, he stands in. See? Already at work.""

He turns the tile to give you a better view. The chicken turns with it.

""Doesn't tell you what you've hooked. He's a chicken. But you can follow him about just as well.""

""$catchreleaseCrabChicken_profilePrice credits and $catchreleaseCrabChicken_profileCrabs crabs. Once! You keep him.""

The chicken pecks at the edge of the screen.

""No feed bill either. I've checked.""","0:catchrelease_crabBuyChicken_profile:Pay him
10:catchrelease_crabStall:Another time.",
catchrelease_crabWareChicken_profileShort,DialogOptionSelected,"$option == catchrelease_crabWareChicken_profile score:5
CatchReleaseCMD tokens
!$catchreleaseCrabChicken_profileAfford",SetTextHighlights $catchreleaseCrabChicken_profilePrice $catchreleaseCrabChicken_profileCrabs,"""Chicken! For the fishing display.""

Crablobab puts a display tile on the counter. The chicken on it marches past a little marker.

""When your tackle doesn't show the fish, he takes its place. Doesn't identify the catch. Very good at moving about, though.""

He counts what you have.

""$catchreleaseCrabChicken_profilePrice credits and $catchreleaseCrabChicken_profileCrabs crabs. You're a little short.""

He draws the tile back. The chicken keeps walking.

""Come back with the rest. I'll keep him busy.""",10:catchrelease_crabStall:Another time.,
catchrelease_crabBuyChicken_profile,DialogOptionSelected,$option == catchrelease_crabBuyChicken_profile,CatchReleaseCMD crabBuy CHICKEN_PROFILE,"Crablobab taps the tile against your tripad, already held in his other hand. The chicken walks across.

""Installed! Try him next time you fish. If you want to put him away, the Outfitter can do it.""

The chicken pecks at an app icon.

""Not that one,"" Crablobab tells it.",0:catchrelease_crabStall:Continue,
catchrelease_crabWareExplosive_head,DialogOptionSelected,"$option == catchrelease_crabWareExplosive_head score:10
CatchReleaseCMD tokens
$catchreleaseCrabExplosive_headAfford",SetTextHighlights $catchreleaseCrabExplosive_headPrice $catchreleaseCrabExplosive_headCrabs,"""Explosive head!""

Crablobab carries it to the counter with both hands, shoulders hunched.

""Harpoon goes in, this goes off. A very considerable improvement if you wanted an explosion.""

He eases it down.

""Single use. I do like to mention that before anybody asks for it back.""

The price is $catchreleaseCrabExplosive_headPrice and $catchreleaseCrabExplosive_headCrabs crabs.","0:catchrelease_crabBuyExplosive_head:Pay him
10:catchrelease_crabStall:Another time.",
catchrelease_crabWareExplosive_headShort,DialogOptionSelected,"$option == catchrelease_crabWareExplosive_head score:5
CatchReleaseCMD tokens
!$catchreleaseCrabExplosive_headAfford",SetTextHighlights $catchreleaseCrabExplosive_headPrice $catchreleaseCrabExplosive_headCrabs,"""Explosive head!""

Crablobab carries it to the counter very carefully.

""Fits the harpoon. Goes off when it hits. Once. After that, come and see me again!""

He asks for $catchreleaseCrabExplosive_headPrice and $catchreleaseCrabExplosive_headCrabs crabs. You cannot cover the price.

""No explosion today."" He puts it into an inside pocket. The pocket flashes once.",10:catchrelease_crabStall:Another time.,
catchrelease_crabBuyExplosive_head,DialogOptionSelected,$option == catchrelease_crabBuyExplosive_head,CatchReleaseCMD crabBuy EXPLOSIVE_HEAD,"The head comes out of the coat wrapped, tagged, and already entered against your ship's inventory.

Your ops chief checks the timestamp.

The entry predates the sale by eleven minutes.",0:catchrelease_crabStall:Continue,
catchrelease_crabWareConservatory,DialogOptionSelected,"$option == catchrelease_crabWareConservatory score:10
CatchReleaseCMD tokens
$catchreleaseCrabConservatoryAfford",SetTextHighlights $catchreleaseCrabConservatoryPrice $catchreleaseCrabConservatoryCrabs,"""A colony purchase!"" Crablobab produces a blueprint chip between two fingers. ""Breach Conservatory. Tanks for the public, an outfitting desk, room to do business.""

He points at an elevation drawing.

""Proper glass. Children put their faces on it. Leave room for somebody to get round with a cloth.""

""You learn this, you can build one on your colonies. $catchreleaseCrabConservatoryPrice and $catchreleaseCrabConservatoryCrabs crabs for the plans.""","0:catchrelease_crabBuyConservatory:Pay him
10:catchrelease_crabStall:Another time.",
catchrelease_crabWareConservatoryShort,DialogOptionSelected,"$option == catchrelease_crabWareConservatory score:5
CatchReleaseCMD tokens
!$catchreleaseCrabConservatoryAfford",SetTextHighlights $catchreleaseCrabConservatoryPrice $catchreleaseCrabConservatoryCrabs,"""Breach Conservatory. For your colonies!"" Crablobab holds up a blueprint chip. ""Public tanks, outfitting desk, proper place for the trade.""

He turns it over, checking the price.

""$catchreleaseCrabConservatoryPrice and $catchreleaseCrabConservatoryCrabs crabs. Ah. Not enough today.""

The chip goes into a pocket already occupied by his left hand.

""Plans don't eat. I can keep them.""",10:catchrelease_crabStall:Another time.,
catchrelease_crabBuyConservatory,DialogOptionSelected,$option == catchrelease_crabBuyConservatory,CatchReleaseCMD crabBuy CONSERVATORY,"The blueprint chip changes hands. Your ops chief finds it already filed under colony infrastructure, and adds the purchase receipt.

""Leave room for the visitors!"" Crablobab calls after the chief. ""They get bigger in groups!""",0:catchrelease_crabStall:Continue,
catchrelease_crabOptionCelebration,CatchReleaseCrabStallOptions,!$catchreleaseCrabCelebrationOwned,CatchReleaseCMD crabTooltip catchrelease_crabWareCelebration CELEBRATION,,catchrelease_crabWareCelebration:Celebration Charges,
catchrelease_crabOptionEarmuffs,CatchReleaseCrabStallOptions,!$catchreleaseCrabEarmuffsOwned,CatchReleaseCMD crabTooltip catchrelease_crabWareEarmuffs EARMUFFS,,catchrelease_crabWareEarmuffs:Earmuffs,
catchrelease_crabOptionChickenProfile,CatchReleaseCrabStallOptions,!$catchreleaseCrabChicken_profileOwned,CatchReleaseCMD crabTooltip catchrelease_crabWareChicken_profile CHICKEN_PROFILE,,catchrelease_crabWareChicken_profile:Chicken Profile,
catchrelease_crabOptionExplosive,CatchReleaseCrabStallOptions,!$catchreleaseCrabExplosive_headOwned,CatchReleaseCMD crabTooltip catchrelease_crabWareExplosive_head EXPLOSIVE_HEAD,,catchrelease_crabWareExplosive_head:Explosive Head,
catchrelease_crabOptionConservatory,CatchReleaseCrabStallOptions,!$catchreleaseCrabConservatoryOwned,CatchReleaseCMD crabTooltip catchrelease_crabWareConservatory CONSERVATORY,,catchrelease_crabWareConservatory:Breach Conservatory Plans,
catchrelease_crabOptionBackdrop,CatchReleaseCrabStallOptions,$catchreleaseCrabBackdrop,CatchReleaseCMD crabTooltip catchrelease_crabWareBackdrop BACKDROP,,catchrelease_crabWareBackdrop:Ask about the roll under his arm,
catchrelease_crabOptionBass,CatchReleaseCrabStallOptions,!$catchreleaseCrabAny,CatchReleaseCMD crabTooltip catchrelease_crabWareBass BASS,,catchrelease_crabWareBass:Buy the crab,
catchrelease_crabOptionLeave,CatchReleaseCrabStallOptions,,"SetShortcut catchrelease_crabLeave ""ESCAPE""",,catchrelease_crabLeave:Leave,
catchrelease_crabWareBackdrop,DialogOptionSelected,"$option == catchrelease_crabWareBackdrop score:10
CatchReleaseCMD tokens
$catchreleaseCrabBackdropAfford","CatchReleaseCMD crabShowBackdrop
SetTextHighlights $catchreleaseCrabBackdropName $catchreleaseCrabBackdropPrice $catchreleaseCrabBackdropCrabs","Crablobab draws a rolled backdrop from behind his knee and snaps it open against the wall.

""$catchreleaseCrabBackdropName! For the aquarium.""

He steps aside to let you admire it.

""Much better than looking through the tank at whoever's standing on the other side. The fish will appreciate that too.""

The price is $catchreleaseCrabBackdropPrice and $catchreleaseCrabBackdropCrabs crabs.","0:catchrelease_crabBuyBackdrop:Pay him
10:catchrelease_crabStall:Another time.",
catchrelease_crabWareBackdropShort,DialogOptionSelected,"$option == catchrelease_crabWareBackdrop score:5
CatchReleaseCMD tokens
!$catchreleaseCrabBackdropAfford","CatchReleaseCMD crabShowBackdrop
SetTextHighlights $catchreleaseCrabBackdropName $catchreleaseCrabBackdropPrice $catchreleaseCrabBackdropCrabs","Crablobab snaps the backdrop open against the wall in one practiced movement. ""$catchreleaseCrabBackdropName! Makes your aquarium look like an actual place. Nobody stands at a tank to look at water.""

He wants $catchreleaseCrabBackdropPrice for it, and $catchreleaseCrabBackdropCrabs crabs.

You are short. ""No scenery today!"" He rolls it up again without hurrying.",10:catchrelease_crabStall:Another time.,
catchrelease_crabBuyBackdrop,DialogOptionSelected,$option == catchrelease_crabBuyBackdrop,CatchReleaseCMD crabBuyBackdrop,"He rolls the backdrop, ties it and hands it over. There is considerably less wall behind him afterward.",0:catchrelease_crabStall:Continue,
catchrelease_crabWareBass,DialogOptionSelected,"$option == catchrelease_crabWareBass score:10
CatchReleaseCMD tokens
$catchreleaseCrabBassAfford",CatchReleaseCMD highlightFishText $catchreleaseCrabBassPrice,"Crablobab lifts a shallow tray from an inside pocket. It holds a particularly poor $catchreleaseCrabBassName.

""Crab!""

He turns the tray to show you the other side. It is no better.

""Not an expensive crab. I've priced him accordingly.""

He wants $catchreleaseCrabBassPrice and $catchreleaseCrabBassCrabPrice.","0:catchrelease_crabBuyBass:Pay him
10:catchrelease_crabStall:Another time.",
catchrelease_crabWareBassShort,DialogOptionSelected,"$option == catchrelease_crabWareBass score:5
CatchReleaseCMD tokens
!$catchreleaseCrabBassAfford",CatchReleaseCMD highlightFishText $catchreleaseCrabBassName $catchreleaseCrabBassPrice,"""Crab!""

Crablobab presents a particularly poor $catchreleaseCrabBassName on a tray.

""$catchreleaseCrabBassPrice and $catchreleaseCrabBassCrabPrice. Very modest. Look at him.""

You cannot afford even that. Crablobab returns the tray to a pocket shallower than its occupant.

""Well. He'll have to stay in stock.""",10:catchrelease_crabStall:Another time.,
catchrelease_crabBuyBass,DialogOptionSelected,$option == catchrelease_crabBuyBass,CatchReleaseCMD crabBuyBass,"""Sold!""

Crablobab puts the tray into your hands.

""Take good care of him. Or eat him. You're the customer.""

The catch is entered in your inventory.",0:catchrelease_crabStall:Continue,
catchrelease_crabLeave,DialogOptionSelected,$option == catchrelease_crabLeave,"RestoreSavedVisual
BarCMD returnFromEvent false","""Of course!"" Crablobab catches your hand in both of his and shakes it vigorously. You do not remember offering it.

""Come back if you need anything unreasonable.""",,
,,,,,,
# tutorial dialogue,,,,,,
catchrelease_introHarpoon,DialogOptionSelected,"$option == catchrelease_fisherIntro score:100
CatchReleaseCMD tokens
$catchreleaseCarrying",CatchReleaseCMD dropFisherProperty,"""That's ours."" The Fisherman reads out the service number before your officer has finished enlarging the plate. ""Where did you find it?""

You give him the wreck's coordinates. He passes them to someone out of view, then returns to the channel. ""Much left of the ship?""","0:catchrelease_introHarpoonReturn:You want it back?
10:catchrelease_introHarpoonAsk:What is it?
100:catchrelease_fisherBack:I only came to return it.",
catchrelease_introHarpoonReturn,DialogOptionSelected,$option == catchrelease_introHarpoonReturn,,"""Yes. Bring her alongside; I'll have the deck crew take it.""

The trawler's cargo boom swings out while your crew release the clamps. A man waiting on the receiving deck signs the transfer under a name already printed on the receipt. The Fisherman watches until the frame is secured.

""That'll save us some trouble. You do any fishing yourself, Captain?""","catchrelease_introWantWork:Not yet. Is there work in it?
catchrelease_introCurious:What are you fishing for?
catchrelease_fisherBack:I only came to return the equipment.",
catchrelease_introHarpoonAsk,DialogOptionSelected,$option == catchrelease_introHarpoonAsk,,"""Part of a LYNE service frame. The drone docks in it when it comes back. Yours has lost most of the machinery, but the mounts are worth keeping.""

He checks the image again. ""Someone put a fair amount of work into breaking that.""","0:catchrelease_introHarpoonReturn:Return it
100:catchrelease_fisherBack:Leave it there",
catchrelease_introCastawayAsk,DialogOptionSelected,"$option == catchrelease_fisherIntro score:52
$global.catchrelease_castawayRescued
CatchReleaseCMD tokens
$catchreleaseStage < 2
!$catchreleaseCarrying",,"""So you have. Put him on the shuttle when it comes over.""

The Fisherman gives the order without asking which crewman you mean. On your side of the channel, the passenger is already waiting by the launch bay with his belongings.

""You've gone out of your way for us, Captain. Were you looking for work?""","0:catchrelease_introWantWork:I'm looking for work.
10:catchrelease_introCurious:I want to know what you're doing out here.
100:catchrelease_fisherBack:Nothing, really.",
catchrelease_introHelloIntercept,DialogOptionSelected,"$option == catchrelease_fisherIntro score:51
CatchReleaseCMD tokens
$catchreleaseStage < 2
!$catchreleaseCarrying
$catchrelease_fisherInterceptOpened",,"""Captain. I take it you haven't worked a rupture before.""

The Fisherman has your fleet on his plot. He waits for your answer without closing the distance any further.","0:catchrelease_introWantWork:I'm looking for something to do.
10:catchrelease_introCurious:I want to know what use this place has.
100:catchrelease_fisherBack:Nothing, really.",
catchrelease_introHelloRating,DialogOptionSelected,"$option == catchrelease_fisherIntro score:50
CatchReleaseCMD tokens
$catchreleaseStage < 2
!$catchreleaseCarrying
$global.catchrelease_metRating",,"""From $ratingPlanetName? Yes, there's work.""

The Fisherman looks over your fleet's particulars. ""That crewman should have come himself. Still, you're here. What did he tell you?""","0:catchrelease_introWantWork:I'm looking for work.
10:catchrelease_introCurious:I want to know what you're doing out here.
20:catchrelease_introRodQuestion:The spacer said something about a ROD.
100:catchrelease_fisherBack:Not today.",
catchrelease_introHello,DialogOptionSelected,"$option == catchrelease_fisherIntro score:50
CatchReleaseCMD tokens
$catchreleaseStage < 2
!$catchreleaseCarrying
!$global.catchrelease_metRating",,"The Fisherman answers the hail himself. He has been checking a cargo manifest, which he sets aside when your picture comes through.

""Captain. Buying, selling, or looking for work?""","0:catchrelease_introWantWork:I'm looking for work.
10:catchrelease_introCurious:I want to know what you're doing out here.
100:catchrelease_fisherBack:Not today.",
catchrelease_introWantWork,DialogOptionSelected,$option == catchrelease_introWantWork,,"""There's a living in it, if you can bring the catch home. I'll lend you a rig and we'll find out.""

He sends a handling manifest to your bridge. ""Have your deck officer look that over.""",catchrelease_intro_rod:Continue,
catchrelease_introCuriousIntercepted,DialogOptionSelected,"$option == catchrelease_introCurious
$entity.catchrelease_intercepted",,"""Fish, mostly. I can show you the catch, but you won't learn much looking at it in a container. You'd do better to try a retrieval yourself.""

He sends over a handling manifest. ""I've a rig you can use.""",catchrelease_intro_rod:Continue,
catchrelease_introCurious,DialogOptionSelected,"$option == catchrelease_introCurious
!$entity.catchrelease_intercepted",,"""Fishing. There's a market for what comes through these ruptures, and we've been working this one.""

He looks over your fleet's particulars. ""Come alongside if you'd like to try it. I've a rig you can use.""",catchrelease_intro_rod:Continue,
catchrelease_introRodQuestion,DialogOptionSelected,$option == catchrelease_introRodQuestion,,"""ROD device.""

Your science officer quietly points out that the D already stands for Device. The Fisherman hears this. ""Yes.""","0:catchrelease_introRodMeaning:What do the other letters stand for?
10:catchrelease_intro_rod:Show me the equipment.",
catchrelease_introRodMeaning,DialogOptionSelected,$option == catchrelease_introRodMeaning,,"""You'll find several answers in the manuals. Put ROD on the requisition and the deck crew will know what you mean.""

He opens the equipment manifest. ""Here. This is the assembly.""",catchrelease_intro_rod:Continue,
catchrelease_intro_rod,DialogOptionSelected,$option == catchrelease_intro_rod,"CatchReleaseCMD giveRod
CatchReleaseCMD tokens","Your ops chief calls to confirm the mass on the manifest. The Fisherman confirms it. The LYNE drone coming across on the trawler's cargo boom is the size of a light fighter, with maneuvering gear built around the ROD assembly. The launch rack and supporting machinery follow on a second transfer.

""Give it some room on the working deck. You'll want that clear when it launches; the exhaust is hot.""

He sends your helm a nav mark. ""There's a rupture nearby you can start with. Bring back one fish and we'll go over the retrieval.""","catchrelease_introRodOperate:How do I operate it?
catchrelease_introRodTrust:You lend these to anyone who asks?
catchrelease_introRodGo:I'll bring you a fish.",
catchrelease_introRodOperate,DialogOptionSelected,$option == catchrelease_introRodOperate,,"""Take the fleet up to the unstable fabric and activate the ROD. That opens the rupture. Activate it again to aim the LYNE drone at a return.""

He points out the retrieval display. ""Once it takes hold, keep the catch in the indicator while the drone brings it through. If you need the drones back, use the ability again.""","catchrelease_introRodTrust:You lend these to anyone who asks?
catchrelease_introRodGo:All right. I'll try it.",
catchrelease_introRodTrust,DialogOptionSelected,$option == catchrelease_introRodTrust,,"""No. You've got a working fleet and a crew who can handle the machinery. I expect you'll manage.""

He sends a copy of the manifest to your quartermaster. ""I'd like the rig kept in service. That means bringing the drone back as well as the fish.""","catchrelease_introRodOperate:Go over the controls.
catchrelease_introRodGo:I'll bring you a fish.",
catchrelease_introRodGo,DialogOptionSelected,$option == catchrelease_introRodGo,"FireBest CatchReleaseIntroBrief
CatchReleaseCMD showIntroIntel",,,
catchrelease_introTurnIn2,DialogOptionSelected,"$option == catchrelease_fisherIntro score:62
CatchReleaseCMD tokens
$catchreleaseStage == 2
$catchreleaseTargetMet",CatchReleaseCMD takeTarget,"The Fisherman has a crewman bring your catch over while he reads the retrieval log. He checks the specimen against the display, then waves the crewman on.

""Good. Nothing wrong with that return. How did you find it?""","catchrelease_introFirstProud:I could get used to it.
catchrelease_introFirstQuestion:I'd like to know what I just caught.
catchrelease_introFirstContinue:Go on.",
catchrelease_introFirstProud,DialogOptionSelected,$option == catchrelease_introFirstProud,,"""Good. You'll need a few more trips before you know what the rig can do, but you've brought the first one home.""

He brings up the drone's record. ""Let's have a look at what happened.""","catchrelease_introFirstQuestion:What did I actually catch?
catchrelease_introFirstContinue:Continue",
catchrelease_introFirstQuestion,DialogOptionSelected,$option == catchrelease_introFirstQuestion,,"""A pattern. Fish is what we call the catch; pattern is what you'll see in the technical records.""

The Fisherman brings the specimen back into view. ""The distinction matters when it stops looking quite so much like a fish.""",catchrelease_introFirstContinue:Explain.,
catchrelease_introFirstContinue,DialogOptionSelected,$option == catchrelease_introFirstContinue,,"""The LYNE drone carries the ROD through the rupture. The ROD takes hold, and the drone brings the catch back across.""

He runs your retrieval log forward to the return. ""This is where the pattern takes a shape we can handle. You'll hear spacers call what we reach for ghosts. Don't let the name do too much of your thinking for you.""","catchrelease_intro_ghosts:Why do they look like fish?
catchrelease_introGhostWord:What do you mean by ghosts?
catchrelease_introFirstDone:What's the next job?",
catchrelease_intro_ghosts,DialogOptionSelected,$option == catchrelease_intro_ghosts,,"""For now, a fish is what you have to deal with. The next one may not hold its shape so well. I'd like you to see that before you start taking contracts.""","catchrelease_introGhostWord:And the word ghost?
catchrelease_introFirstDone:What's the next job?",
catchrelease_introGhostWord,DialogOptionSelected,$option == catchrelease_introGhostWord,,"""An old name for what people encountered beyond the fabric. We kept it when we found a way to bring things back.""

He closes the retrieval log. ""It doesn't tell you who or what you've caught. Don't take it as a promise that there's somebody in there.""","catchrelease_intro_ghosts:Why do they look like fish?
catchrelease_introFirstDone:What's the next job?",
catchrelease_introFirstDone,DialogOptionSelected,"$option == catchrelease_introFirstDone
CatchReleaseCMD tokens
$catchreleaseStage == 2","CatchReleaseCMD sendOut
CatchReleaseCMD tokens
FireBest CatchReleaseIntroBrief
CatchReleaseCMD showIntroIntel",,,
catchrelease_introFirstDoneAlready,DialogOptionSelected,"$option == catchrelease_introFirstDone
CatchReleaseCMD tokens
$catchreleaseStage >= 3",FireBest CatchReleaseIntroBrief,,,
catchrelease_introTurnIn3Distinct,DialogOptionSelected,"$option == catchrelease_fisherIntro score:64
CatchReleaseCMD tokens
$catchreleaseStage == 3
$catchreleaseTargetMet","CatchReleaseCMD takeTarget
CatchReleaseCMD giveOutfitter
CatchReleaseCMD tokens
AddTextSmall ""Basic outfitter unlocked"" highlight","The Fisherman compares this retrieval with the first. He spends some time on the coherence readings before having the catch taken below.

""That's the difference I wanted you to see. The rig's done its work; the condition of the fabric still shows in what comes through.""

He opens a service connection to your fleet. ""You've enough experience to start choosing your own gear. I'll give you access to the outfitter.""","0:catchrelease_introShopLook:What's an outfitter?
10:catchrelease_introShopLater2:Got it.
100:catchrelease_introShopLater:I'll look later.",
catchrelease_introDeepResume,DialogOptionSelected,"$option == catchrelease_fisherIntro score:66
CatchReleaseCMD tokens
$catchreleaseStage == 3
$catchreleaseDeepHandoff","$option = catchrelease_introDeepGear 0
FireBest DialogOptionSelected",,,
catchrelease_introShopLook,DialogOptionSelected,$option == catchrelease_introShopLook,FireAll ShopIntroQuestions,"""The outfitter has the parts and modifications for these rigs. You'll find things for the drones, the retrieval controls, the rest of the equipment as you learn to use it.""

He opens the catalogue. ""Have a look before you spend anything. Some of it won't be much use for the way you fish.""",,
catchrelease_introAskTackleOption,ShopIntroQuestions,!$catchrelease_introAskedTackle,,,0:catchrelease_introAskTackle:What are modifiers?,
catchrelease_introAskUpgradeOption,ShopIntroQuestions,!$catchrelease_introAskedUpgrade,,,0:catchrelease_introAskUpgrade:What is an upgrade?,
catchrelease_introAskWhereOption,ShopIntroQuestions,!$catchrelease_introAskedWhere,,,0:catchrelease_introAskWhere:Where can I find schematics?,
catchrelease_introAskShopContinue,ShopIntroQuestions,,,,100:catchrelease_introDeepGear:Continue,
catchrelease_introAskTackle,DialogOptionSelected,$option == catchrelease_introAskTackle,"$catchrelease_introAskedTackle = true 0
FireAll ShopIntroQuestions","""Modules change how a rig works. You need the schematic before you can have one built, but once you've bought it you can fit it when you need it.""

He points out the fitting controls. ""You don't have to buy another every time you change your mind.""",,
catchrelease_introAskUpgrade,DialogOptionSelected,$option == catchrelease_introAskUpgrade,"$catchrelease_introAskedUpgrade = true 0
FireAll ShopIntroQuestions","""An improvement you keep. Better performance from the machinery you already have.""

He brings up the tier listing. ""The early work is straightforward. For the last two tiers you'll need the appropriate schematics as well as payment.""",,
catchrelease_introAskWhere,DialogOptionSelected,$option == catchrelease_introAskWhere,"$catchrelease_introAskedWhere = true 0
FireAll ShopIntroQuestions","""Ask the people who use the equipment. A working captain may have something useful and a job worth trading it for. You'll find buyers in port, too.""

He brings up a schematic on his slate. ""When someone offers you one of these, check what it fits before you agree to the work.""",,
catchrelease_introShopLater,DialogOptionSelected,$option == catchrelease_introShopLater,,"""It'll be there when you need it. Have your deck crew clear some space; there's more equipment coming over.""",catchrelease_introDeepGear:Continue,
catchrelease_introShopLater2,DialogOptionSelected,$option == catchrelease_introShopLater2,,"""Then have your deck crew clear some space. There's more equipment coming over.""",catchrelease_introDeepGear:Continue,
catchrelease_introDeepGear,DialogOptionSelected,$option == catchrelease_introDeepGear,CatchReleaseCMD giveDeepGear,"The first transfer brings a bank of articulated projectors on a reinforced frame. The harpoon launcher follows, heavy enough to require both cargo booms. Your deck officer calls for another crew to help with the mounting.

""Breach Lights,"" the Fisherman says, indicating the projectors. ""They work the fabric until we can reach a pattern without opening a full rupture. That's what the harpoon is for.""",0:catchrelease_introDeepResume_continue:Continue,
catchrelease_introDeepResume_continue,DialogOptionSelected,$option == catchrelease_introDeepResume_continue,FireAll CatchReleaseIntroDeepQuestions,"""The head carries a ROD. When you've got a return under the lights, put the harpoon into it. The ROD takes hold and the return trace brings the catch across.""

He waits for your deck officer to acknowledge the installation instructions. ""Mind where you aim it. The projectile is quite real.""",,
catchrelease_introLightQuestion,DialogOptionSelected,$option == catchrelease_introLightQuestion,$catchreleaseIntroLightAsked = true 0,"""Not a full one. Enough to get at a pattern with the harpoon, but it isn't a passage you can send an ordinary drone through.""

He brings up the local plot. ""And keep the lights away from inhabited traffic.""",catchrelease_introLightQuestion_continue:Because of what they do to the fabric?,
catchrelease_introLightQuestion_continue,DialogOptionSelected,$option == catchrelease_introLightQuestion_continue,FireAll CatchReleaseIntroDeepQuestions,"""Yes. People live there. The patrols will take an interest if you start working the fabric around them, and they'll be entitled to it.""

He marks the traffic on the plot. ""Find somewhere clear before you turn them on.""",,
catchrelease_introHarpoonQuestion,DialogOptionSelected,$option == catchrelease_introHarpoonQuestion,"$catchreleaseIntroHarpoonAsked = true 0
FireAll CatchReleaseIntroDeepQuestions","""That's the return trace. The display draws it as a line so you can follow the retrieval. There isn't a cable running out from your ship.""

He opens the harpoon schematic. ""Your deck crew won't find a reel to service, if that's what they're looking for.""",,
catchrelease_introWeaponQuestion,DialogOptionSelected,$option == catchrelease_introWeaponQuestion,"$catchreleaseIntroWeaponAsked = true 0
FireAll CatchReleaseIntroDeepQuestions","""It'll go through a hull. That doesn't make firing it at one a good idea.""

The Fisherman looks back at the installation feed. ""Have your gunnery officer go over the controls with whoever's operating it. I don't want to hear you've put a harpoon through a passing freighter.""",,
catchrelease_introDeepQuestionsLight,CatchReleaseIntroDeepQuestions,!$catchreleaseIntroLightAsked,,,0:catchrelease_introLightQuestion:The lights make a rupture?,
catchrelease_introDeepQuestionsHarpoon,CatchReleaseIntroDeepQuestions,!$catchreleaseIntroHarpoonAsked,,,10:catchrelease_introHarpoonQuestion:And the line behind the harpoon?,
catchrelease_introDeepQuestionsWeapon,CatchReleaseIntroDeepQuestions,!$catchreleaseIntroWeaponAsked,,,20:catchrelease_introWeaponQuestion:This is a weapon.,
catchrelease_introDeepQuestionsDone,CatchReleaseIntroDeepQuestions,,,,100:catchrelease_introDeepDone:What do you want caught?,
catchrelease_introDeepDone,DialogOptionSelected,$option == catchrelease_introDeepDone,"CatchReleaseCMD tokens
FireBest CatchReleaseIntroBrief
CatchReleaseCMD showIntroIntel",,,
catchrelease_introTurnIn4,DialogOptionSelected,"$option == catchrelease_fisherIntro score:64
CatchReleaseCMD tokens
$catchreleaseStage == 4
$catchreleaseTargetMet","CatchReleaseCMD takeTarget
AddTextSmall ""Advanced outfitter unlocked"" highlight","The Fisherman checks the specimen, then the harpoon telemetry. ""Good hit. You've got the equipment working.""

He opens another section of the catalogue. ""You can buy the harpoon and lens upgrades now. Before you decide what you need, there's something else I want you to use.""",0:catchrelease_introTurnIn4_continue:Continue,
catchrelease_introTurnIn4_continue,DialogOptionSelected,$option == catchrelease_introTurnIn4_continue,"Highlight ""range data""
CatchReleaseCMD giveCharts
CatchReleaseCMD tokens
FireAll CatchReleaseRangeDataBrief","""Range data. These two records are yours.""

He sends them across and waits while your fleet map loads the entries. Each has a pattern, its known range and the conditions you're likely to find it in.

""You won't always have someone telling you where to fish. This will help you choose.""",,
catchrelease_introSurveyWhatOpt,CatchReleaseRangeDataBrief,!$catchrelease_introAskedRangeWhat,,,catchrelease_introSurveyWhat:How do I use this?,
catchrelease_introSurveyWhereOpt,CatchReleaseRangeDataBrief,!$catchrelease_introAskedRangeWhere,,,catchrelease_introSurveyWhere:Where does the range data come from?,
catchrelease_introPlannerAskOpt,CatchReleaseRangeDataBrief,,SetOptionColor catchrelease_introPlannerAsk highlight,,catchrelease_introPlannerAsk:You want both of these?,
,,,,,,
# tutorial habitat data stage,,,,,,
catchrelease_introSurveyWhat,DialogOptionSelected,$option == catchrelease_introSurveyWhat,"$catchrelease_introAskedRangeWhat = true 0
AddTextSmall ""The map has a filter option to show fishing information. Use the sidebar to filter for fish habitat. Use the route planner at the top to plot a quick route."" highlight
FireAll CatchReleaseRangeDataBrief","""Open your map and select the fishing information. Pick a pattern and you'll see where it can turn up. Check the conditions as well as the distance; the nearest system isn't necessarily the one you want.""",,
catchrelease_introSurveyWhere,DialogOptionSelected,$option == catchrelease_introSurveyWhere,"$catchrelease_introAskedRangeWhere = true 0
FireAll CatchReleaseRangeDataBrief","""Catch records and surveys. Somebody has to do the work before there's anything to sell.""

He opens one of the entries. ""Read the conditions attached to it. The record can be accurate and still send you on a wasted trip if you're using the wrong equipment.""",,
catchrelease_introPlannerAsk,DialogOptionSelected,$option == catchrelease_introPlannerAsk,"Highlight ""your map""","""One of each. Use your map to put them both in the fishing planner.""

He points out the route controls. ""You may be able to get them on the same trip. Work that out before you leave, rather than finding you've flown past a perfectly good place to catch the second.""",catchrelease_introSurveyDone:Continue,
catchrelease_introSurveyDone,DialogOptionSelected,$option == catchrelease_introSurveyDone,"FireBest CatchReleaseIntroBrief
CatchReleaseCMD showIntroIntel",,,
catchrelease_introTurnIn5,DialogOptionSelected,"$option == catchrelease_fisherIntro score:65
CatchReleaseCMD tokens
$catchreleaseStage == 5
$catchreleaseTargetMet","CatchReleaseCMD takeTarget
Highlight ""Four additional records transfer:""
CatchReleaseCMD finishIntro
CatchReleaseCMD tokens
AddTextSmall ""Range data purchasing unlocked"" highlight","The Fisherman checks both catches against their range records and has them taken below. ""That'll do. You've used the rigs, found your own grounds and brought back what was asked for.""

Four additional records transfer: two common, one uncommon and one rare. He waits for your officer to confirm receipt. ""Those are yours. You can buy more from the shelf when you need them.""",catchrelease_introTurnIn5_cont:Continue,
catchrelease_introTurnIn5_cont,DialogOptionSelected,$option == catchrelease_introTurnIn5_cont,,"""That's all I needed to show you. There are buyers in port and captains who'll pay for a particular catch. Read the request before you agree to it.""

He closes the service ledger. ""Keep the rig working, and bring me anything you want to sell. I may have some other work for you as well.""",catchrelease_introGetFreeRumor:What now?,
catchrelease_introGetFreeRumor,DialogOptionSelected,$option == catchrelease_introGetFreeRumor,FireBest CatchReleaseRumorText,,catchrelease_fisherBack:Continue,
catchrelease_briefRod,CatchReleaseIntroBrief,"CatchReleaseCMD tokens
$catchreleaseTargetSet
$catchreleaseStage == 2
$catchreleaseTargetPlaced","CatchReleaseCMD highlightIntroText $catchreleaseTarget
CatchReleaseCMD showIntroMap ""Target: $catchreleaseTargetWhere""","""Bring me $catchreleaseTarget from a local rupture in $catchreleaseTargetWhere.""

He sends the location to your helm. ""One specimen. Use the drone, and keep the retrieval record so we can look it over when you get back.""",100:catchrelease_fisherBack:Continue,
catchrelease_briefOne,CatchReleaseIntroBrief,"CatchReleaseCMD tokens
$catchreleaseTargetSet
$catchreleaseStage == 3
$catchreleaseTargetPlaced","CatchReleaseCMD highlightIntroText $catchreleaseTarget
CatchReleaseCMD showIntroMap ""Target: $catchreleaseTargetWhere""","""Next one's a $catchreleaseTarget from $catchreleaseTargetWhere.""

He forwards the system data. ""Use the same drones and ROD. Pay attention to the coherence reading while you're there, and keep the trip short. I want you back with the catch.""",100:catchrelease_fisherBack:Continue,
catchrelease_briefTwo,CatchReleaseIntroBrief,"CatchReleaseCMD tokens
$catchreleaseTargetSet
$catchreleaseStage == 4
$catchreleaseTargetPlaced","CatchReleaseCMD highlightIntroText $catchreleaseTarget
CatchReleaseCMD showIntroMap ""Target: $catchreleaseTargetWhere""","""Get me $catchreleaseTarget from the open space in $catchreleaseTargetWhere. You'll need the Breach Lights to get a return, then the harpoon to take hold of it.""

He sends the location across. ""This pattern doesn't come through the ruptures. Looking for it in one will only waste your time.""",100:catchrelease_fisherBack:Continue,
catchrelease_briefThree,CatchReleaseIntroBrief,"CatchReleaseCMD tokens
$catchreleaseTargetSet
$catchreleaseStage == 5",,"""One of each of these: $catchreleaseTarget. You have the range data now, so choosing where to catch them is your part of the job.""

The Fisherman leaves the entries on your display. ""Put them in the planner together before you set out.""",100:catchrelease_fisherBack:Continue,
catchrelease_briefFallback,CatchReleaseIntroBrief,,,,100:catchrelease_fisherBack:Continue,fallback: FishingIntro.rollTarget can fail to place a target
catchrelease_introWaiting2,DialogOptionSelected,"$option == catchrelease_fisherIntro score:57
CatchReleaseCMD tokens
$catchreleaseStage == 2
!$catchreleaseTargetMet","CatchReleaseCMD highlightIntroText $catchreleaseTarget
CatchReleaseCMD showIntroMap ""Target: $catchreleaseTargetWhere""","""I'm still after $catchreleaseTarget from $catchreleaseTargetWhere. Use the drone to bring it out of a rupture, then bring the catch here.""

He checks your fleet's equipment list. ""Everything you need is aboard.""",catchrelease_fisherBack:Continue,
catchrelease_introWaiting3,DialogOptionSelected,"$option == catchrelease_fisherIntro score:58
CatchReleaseCMD tokens
$catchreleaseStage == 3
!$catchreleaseTargetMet
!$catchreleaseTargetHere
!$catchreleaseDeepHandoff","CatchReleaseCMD highlightIntroText $catchreleaseTarget
CatchReleaseCMD showIntroMap ""Target: $catchreleaseTargetWhere""","""$catchreleaseTarget, from $catchreleaseTargetWhere. I want that catch so we can compare the two retrievals.""

He opens the system plot again. ""Same rig as before. Don't stay out there longer than you need to.""",catchrelease_fisherBack:Continue,
catchrelease_introWaiting4,DialogOptionSelected,"$option == catchrelease_fisherIntro score:59
CatchReleaseCMD tokens
$catchreleaseStage == 4
!$catchreleaseTargetMet","CatchReleaseCMD highlightIntroText $catchreleaseTarget
CatchReleaseCMD showIntroMap ""Target: $catchreleaseTargetWhere""","""You're after $catchreleaseTarget in $catchreleaseTargetWhere. Work the open space with the Breach Lights and use the harpoon when you get a return. You won't find it in a rupture.""",catchrelease_fisherBack:Continue,
catchrelease_introWaiting5,DialogOptionSelected,"$option == catchrelease_fisherIntro score:60
CatchReleaseCMD tokens
$catchreleaseStage == 5
!$catchreleaseTargetMet","Highlight ""Use the route planner on the map""","""One of each of the two patterns I gave you range data for. Use the route planner on the map; it'll help you find a trip that covers both.""

He checks your manifest. ""Keep both catches aboard until you bring them in.""",catchrelease_fisherBack:Continue,
catchrelease_introNoExplain,DialogOptionSelected,"$option == catchrelease_fisherIntro
CatchReleaseCMD tokens
$catchreleaseStage == 3
!$catchreleaseTargetMet
$catchreleaseTargetHere
!$catchreleaseDeepHandoff",FireBest CatchReleaseIntroContinuityOption true,"The Fisherman answers with the local plot open beside him.

""Captain. Any luck?""","catchrelease_introWhyHere:Why did you send me here?
catchrelease_fisherBack:Return to other business.",
catchrelease_intro_fourJumps,DialogOptionSelected,$option == catchrelease_intro_fourJumps,$global.catchrelease_fisherAsked_fourJumps = true,"""You left a boat there."" The Fisherman glances at the local plot. ""This one's here.""","catchrelease_introYouWereAboard:You were aboard it. I spoke to you.
catchrelease_introWhyHere:About the fish...
catchrelease_fisherBack:Let it go.",
catchrelease_introPressLocation,DialogOptionSelected,$option == catchrelease_introPressLocation,$global.catchrelease_fisherPressedForFabricTruth = true,"The Fisherman looks at you for a moment. ""Captain.""

His tone has not changed. ""Some knots hold better if you don't pull every loose end.""

He looks back to the local plot. ""Your fish is still here. Get it while the rupture's holding.""",catchrelease_fisherBack:Continue,
,,,,,,
# breach light enforcement,,,,,,
catchrelease_lampStop,BeginFleetEncounter,"$catchrelease_sawLamps score:1050
!$catchrelease_lampStopped
!$isHostile","$catchrelease_lampStopped = true 30
MakeOtherFleetPreventDisengage catchreleaseLamps true 5
unset $ignorePlayerCommRequests
AddText ""You're being hailed by the $faction $otherShipOrFleet."" $faction.baseColor
CatchReleaseCMD lampStop
FireBest CatchReleaseLampStopText
OpenComms",,,
catchrelease_lampStopAlreadyDark,CatchReleaseLampStopText,$catchrelease_lampAlreadyDark,,The lamps are already dark. The patrol has the earlier sensor return on display and proceeds with the stop.,,
catchrelease_lampWarn,OpenCommLink,"$entity.catchrelease_lampConv score:1500
$entity.catchrelease_lampRung == 1",FireAll CatchReleaseLampWarnOptions,"""Power down the lights, captain.""

$PersonRank $personName sends your sensor return beside the traffic plot for $entity.catchrelease_lampWhere.

""Whatever you're doing is interfering with the inhabited approaches. This is a warning. Shut it down and take the operation elsewhere.""",,
catchrelease_lampWarnHeg,OpenCommLink,"$faction.id == hegemony
$entity.catchrelease_lampConv score:1505
$entity.catchrelease_lampRung == 1",FireAll CatchReleaseLampWarnOptions,"""Hegemony Navy. Shut the device down.""

$PersonRank $personName has your sensor return and the traffic plot side by side. ""Unlicensed high-energy operation inside a protected navigation volume.
You have one warning.""

""Kill the lights. Now.""",,
catchrelease_lampWarnTT,OpenCommLink,"$faction.id == tritachyon
$entity.catchrelease_lampConv score:1505
$entity.catchrelease_lampRung == 1",FireAll CatchReleaseLampWarnOptions,"""Corporate security. Your equipment is interfering with local operations.""

$PersonRank $personName sends a notice to your comms console.

""Power it down. If you want to discuss authorization, do so before switching it back on.""",,
catchrelease_lampWarnLC,OpenCommLink,"$faction.id == luddic_church
$entity.catchrelease_lampConv score:1505
$entity.catchrelease_lampRung == 1",FireAll CatchReleaseLampWarnOptions,"""Extinguish it.""

$PersonRank $personName looks past your bridge image toward the lamps.

""You were not given creation to cut at until something answers.""

The traffic plot remains open.

""There are crews in those approaches, captain. Put the machine away from them.""",,
catchrelease_lampWarnLP,OpenCommLink,"$faction.id == luddic_path
$entity.catchrelease_lampConv score:1505
$entity.catchrelease_lampRung == 1",FireAll CatchReleaseLampWarnOptions,"The channel opens on a $manOrWoman already shouting.

""Kill it! Kill the lamp!""

$HeOrShe stabs a finger toward the sensor image.

""You wound God's work with Moloch's tools so you can drag supper through it, and you call that trade?""

Someone behind $himOrHer is shouting too.

""Extinguish it. Jettison it. Or we will do both for you.""",,
catchrelease_lampWarnPirate,OpenCommLink,"$faction.id == pirates
$entity.catchrelease_lampConv score:1505
$entity.catchrelease_lampRung == 1",FireAll CatchReleaseLampWarnOptions,"""Kill the lights.""

$personName points at a traffic plot. ""You are lighting up half our scopes and upsetting people who pay us specifically not to be upset.
Do it somewhere emptier.""",,
catchrelease_lampWarnDiktat,OpenCommLink,"$faction.id == sindrian_diktat
$entity.catchrelease_lampConv score:1505
$entity.catchrelease_lampRung == 1",FireAll CatchReleaseLampWarnOptions,"""Cease operation by order of the Sindrian Diktat.""

$PersonRank $personName leaves the notice on screen.

""You are inside a volume under Sindrian authority, captain. Shut the apparatus down. I would prefer to record that you complied with the first instruction.""",,
catchrelease_lampWarnLeague,OpenCommLink,"$faction.id == persean_league
$entity.catchrelease_lampConv score:1505
$entity.catchrelease_lampRung == 1",FireAll CatchReleaseLampWarnOptions,"""League patrol. Power down the equipment.""

$PersonRank $personName sends a notice citing the local navigation regulations.

""Those restrictions apply to industrial operations as well as weapons. Calling it fishing does not exempt you. This is your warning.""",,
catchrelease_lampWarnIndie,OpenCommLink,"$faction.id == independent
$entity.catchrelease_lampConv score:1505
$entity.catchrelease_lampRung == 1",FireAll CatchReleaseLampWarnOptions,"""Hey. Lights off.""

$personName looks at the sensor plot. ""I don't know what you've built. I know every instrument near $entity.catchrelease_lampWhere noticed it.
Take it somewhere nobody lives.""",,
catchrelease_lampFine,OpenCommLink,"$entity.catchrelease_lampConv score:1510
$entity.catchrelease_lampRung == 2","SetTextHighlights $entity.catchrelease_lampFineDGS
FireAll CatchReleaseLampFineOptions","""You've had the warning."" The previous incident sits open beside the new one. ""$entity.catchrelease_lampFineDGS credits. Pay it and shut the rig down.""",,
catchrelease_lampFineHeg,OpenCommLink,"$faction.id == hegemony
$entity.catchrelease_lampConv score:1515
$entity.catchrelease_lampRung == 2","SetTextHighlights $entity.catchrelease_lampFineDGS
FireAll CatchReleaseLampFineOptions","""You were warned about operating that device.""

$PersonRank $personName transmits the penalty notice.

""$entity.catchrelease_lampFineDGS credits. Pay the fine and power down.""",,
catchrelease_lampFineTT,OpenCommLink,"$faction.id == tritachyon
$entity.catchrelease_lampConv score:1515
$entity.catchrelease_lampRung == 2","SetTextHighlights $entity.catchrelease_lampFineDGS
FireAll CatchReleaseLampFineOptions","""We have a second incident on record.""

$PersonRank $personName sends the assessment.

""$entity.catchrelease_lampFineDGS credits. Further operation will result in an inspection and seizure of all catch aboard. Please don't make us send a team.""",,
catchrelease_lampFineLC,OpenCommLink,"$faction.id == luddic_church
$entity.catchrelease_lampConv score:1515
$entity.catchrelease_lampRung == 2","SetTextHighlights $entity.catchrelease_lampFineDGS
FireAll CatchReleaseLampFineOptions","""You were asked once.""

The first warning remains open beside the new incident.

""A warning is mercy when it is heard. Ignored, it becomes indulgence.""

""The fine is $entity.catchrelease_lampFineDGS credits.""

""Pay it. Extinguish the lamps. Do not make another crew carry the cost of your choice.""",,
catchrelease_lampFineLP,OpenCommLink,"$faction.id == luddic_path
$entity.catchrelease_lampConv score:1515
$entity.catchrelease_lampRung == 2","SetTextHighlights $entity.catchrelease_lampFineDGS
FireAll CatchReleaseLampFineOptions","""You kept it!""

The speaker is red-faced in the pickup.

""Of course you kept it. Moloch hands you a knife for creation and you haggle over the handle.""

The figure flashes onto the channel.

""$entity.catchrelease_lampFineDGS credits. Pay it if numbers are the only language you still understand.""

""Then kill the lamp. Next time we come aboard.""",,
catchrelease_lampFinePirate,OpenCommLink,"$faction.id == pirates
$entity.catchrelease_lampConv score:1515
$entity.catchrelease_lampRung == 2","SetTextHighlights $entity.catchrelease_lampFineDGS
FireAll CatchReleaseLampFineOptions","""We asked nicely. Now it's $entity.catchrelease_lampFineDGS credits.""

$personName leaves the figure on screen.

""Lights off as well. You're paying for this time, not buying the next.""",,
catchrelease_lampFineDiktat,OpenCommLink,"$faction.id == sindrian_diktat
$entity.catchrelease_lampConv score:1515
$entity.catchrelease_lampRung == 2","SetTextHighlights $entity.catchrelease_lampFineDGS
FireAll CatchReleaseLampFineOptions","""The order to cease operation remains in force.""

$PersonRank $personName sends a penalty notice for $entity.catchrelease_lampFineDGS credits.

""You will pay that and shut the device down. A further breach will bring an inspection party aboard your ship.""",,
catchrelease_lampFineLeague,OpenCommLink,"$faction.id == persean_league
$entity.catchrelease_lampConv score:1515
$entity.catchrelease_lampRung == 2","SetTextHighlights $entity.catchrelease_lampFineDGS
FireAll CatchReleaseLampFineOptions","""Second recorded instance. $entity.catchrelease_lampFineDGS credits.""

$PersonRank $personName closes the first notice and opens another. ""The third provision authorizes inspection and seizure. I'd rather not spend my afternoon invoking it.
Pay the fine and shut the rig down.""",,
catchrelease_lampFineIndie,OpenCommLink,"$faction.id == independent
$entity.catchrelease_lampConv score:1515
$entity.catchrelease_lampRung == 2","SetTextHighlights $entity.catchrelease_lampFineDGS
FireAll CatchReleaseLampFineOptions","""You again."" $personName puts the figure on-screen. ""$entity.catchrelease_lampFineDGS. Lights off. I'd like this to be the last time I learn something new about fishing.""",,
catchrelease_lampScan,OpenCommLink,"$entity.catchrelease_lampConv score:1520
$entity.catchrelease_lampRung == 3",FireAll CatchReleaseLampScanOptions,"""Power down and prepare for inspection.""

$PersonRank $personName sends the boarding order.

""We're seizing all the catch aboard, including anything packed in crates. Have your cargo records ready and keep your crew clear of the inspection team.""",,
catchrelease_lampScanHeg,OpenCommLink,"$faction.id == hegemony
$entity.catchrelease_lampConv score:1525
$entity.catchrelease_lampRung == 3",FireAll CatchReleaseLampScanOptions,"""Hegemony Navy. Heave to. Prepare to be boarded.""

The officer does not read the warning history back to you. ""You ignored the warning and the fine. We are inspecting the rig and seizing all catch aboard, including packed crates.
Cut the lights.""",,
catchrelease_lampScanTT,OpenCommLink,"$faction.id == tritachyon
$entity.catchrelease_lampConv score:1525
$entity.catchrelease_lampRung == 3",FireAll CatchReleaseLampScanOptions,"""The previous notices have apparently been insufficient.""

$PersonRank $personName transmits a boarding order.

""Power down and stand by for inspection. All catch aboard is subject to seizure, including packed crates. Your cooperation will keep this from becoming a security incident.""",,
catchrelease_lampScanLC,OpenCommLink,"$faction.id == luddic_church
$entity.catchrelease_lampConv score:1525
$entity.catchrelease_lampRung == 3",FireAll CatchReleaseLampScanOptions,"""Power it down.""

""You were warned, then fined. You have continued to put this work before the safety of every soul in those approaches.""

The order is signed.

""We are coming aboard. What you brought back while using those lamps will not remain with you.""",,
catchrelease_lampScanLP,OpenCommLink,"$faction.id == luddic_path
$entity.catchrelease_lampConv score:1525
$entity.catchrelease_lampRung == 3",FireAll CatchReleaseLampScanOptions,"""Drives cold! Lamps cold!""

The speaker is close enough to the pickup for the image to shake with each word.

""We are coming aboard for what you dragged out under Moloch's light.""

A weapon is shoved into view from somewhere behind $himOrHer.

""Touch a control and we'll count that as your answer.""",,
catchrelease_lampScanPirate,OpenCommLink,"$faction.id == pirates
$entity.catchrelease_lampConv score:1525
$entity.catchrelease_lampRung == 3",FireAll CatchReleaseLampScanOptions,"""All right, captain. You've had the cheap versions."" A boarding shuttle separates from the formation. ""Lights off. Hold open.""

The speaker glances past the camera, then back. ""And don't make me put a price on resisting.""",,
catchrelease_lampScanDiktat,OpenCommLink,"$faction.id == sindrian_diktat
$entity.catchrelease_lampConv score:1525
$entity.catchrelease_lampRung == 3",FireAll CatchReleaseLampScanOptions,"""Prepare to be boarded.""

$PersonRank $personName signs the authorization.

""Your equipment will be inspected and all catch aboard seized, including packed crates. Shut it down now. I will not repeat the order while our people are crossing.""",,
catchrelease_lampScanLeague,OpenCommLink,"$faction.id == persean_league
$entity.catchrelease_lampConv score:1525
$entity.catchrelease_lampRung == 3",FireAll CatchReleaseLampScanOptions,"""The fine did not settle this, so we are proceeding to inspection.""

$PersonRank $personName sends the boarding authorization.

""Power down. The team will examine your records and seize all catch aboard, including packed crates.""",,
catchrelease_lampScanIndie,OpenCommLink,"$faction.id == independent
$entity.catchrelease_lampConv score:1525
$entity.catchrelease_lampRung == 3",FireAll CatchReleaseLampScanOptions,"$personName has the boarding authorization ready.

""I told you I didn't want to learn more about this. Apparently I do.""

""Shut it down. We'll need your cargo records, and we're taking all the catch aboard, including packed crates.""",,
catchrelease_lampGuns,OpenCommLink,"$entity.catchrelease_lampConv score:1530
$entity.catchrelease_lampRung == 4",FireBest CatchReleaseLampOpenFire,"""We've recorded repeated violations and repeated orders to stop.""

$PersonRank $personName turns toward the tactical display.

""No further notices, captain.""

The other ships move to engage.",,
catchrelease_lampGunsHeg,OpenCommLink,"$faction.id == hegemony
$entity.catchrelease_lampConv score:1535
$entity.catchrelease_lampRung == 4",FireBest CatchReleaseLampOpenFire,"""Further operation of the prohibited device is confirmed.""

$PersonRank $personName closes the incident record.

""You've had repeated orders to cease. Engagement is authorized.""

The Hegemony formation begins to spread.",,
catchrelease_lampGunsTT,OpenCommLink,"$faction.id == tritachyon
$entity.catchrelease_lampConv score:1535
$entity.catchrelease_lampRung == 4",FireBest CatchReleaseLampOpenFire,"""Security has authorized force.""

$PersonRank $personName closes the incident file.

""We gave you several opportunities to stop operating the device. You've declined all of them.""

The link closes as the formation spreads.",,
catchrelease_lampGunsLC,OpenCommLink,"$faction.id == luddic_church
$entity.catchrelease_lampConv score:1535
$entity.catchrelease_lampRung == 4",FireBest CatchReleaseLampOpenFire,"$PersonRank $personName is not alone at the screen this time, and nobody behind $himOrHer is speaking.

""We asked. We fined. We took what you had taken. And here it is again, burning over people.""

""Ludd forgive you. We will not.""

The link closes.",,
catchrelease_lampGunsLP,OpenCommLink,"$faction.id == luddic_path
$entity.catchrelease_lampConv score:1535
$entity.catchrelease_lampRung == 4",FireBest CatchReleaseLampOpenFire,"The channel opens to shouting.

""There! There it is again! Moloch's lantern!""

The speaker wipes spittle from the pickup with the heel of a hand.

""You cut at God's creation for meat and credits and still you light it again?""

Someone behind $himOrHer screams, ""Break it!""

""No more bargains. Break the lamps. Break the hands that light them.""

The link cuts. The Path ships accelerate.",,
catchrelease_lampGunsPirate,OpenCommLink,"$faction.id == pirates
$entity.catchrelease_lampConv score:1535
$entity.catchrelease_lampRung == 4",FireBest CatchReleaseLampOpenFire,"""Again? After all that?""

$personName looks away from the pickup and gives an order.

""I've spent enough time asking you.""

The channel drops. The pirate ships accelerate toward your fleet.",,
catchrelease_lampGunsDiktat,OpenCommLink,"$faction.id == sindrian_diktat
$entity.catchrelease_lampConv score:1535
$entity.catchrelease_lampRung == 4",FireBest CatchReleaseLampOpenFire,"""You have repeatedly defied a direct order of the Sindrian Diktat.""

$PersonRank $personName signs the finding.

""Force is authorized.""

Weapons come online across the formation.",,
catchrelease_lampGunsLeague,OpenCommLink,"$faction.id == persean_league
$entity.catchrelease_lampConv score:1535
$entity.catchrelease_lampRung == 4",FireBest CatchReleaseLampOpenFire,"$PersonRank $personName closes the incident record.

""The previous stops are all on file. Command has authorized engagement.""

$HeOrShe glances at the tactical display.

""We are done discussing the regulations.""",,
catchrelease_lampGunsIndie,OpenCommLink,"$faction.id == independent
$entity.catchrelease_lampConv score:1535
$entity.catchrelease_lampRung == 4",FireBest CatchReleaseLampOpenFire,"""You keep doing it.""

$personName looks more tired than angry.

""I've got people to answer to as well, captain.""

The channel closes. Your sensors officer calls out weapons coming online.",,
catchrelease_lampOpenFire,CatchReleaseLampOpenFire,,"MakeOtherFleetHostile catchreleaseLamps true 5
MakeOtherFleetAggressive catchreleaseLamps true 5
MakeOtherFleetPreventDisengage catchreleaseLamps true 5
unset $entity.catchrelease_lampConv
ShowDefaultVisual
EndConversation",,,
catchrelease_lampWarnOptOut,CatchReleaseLampWarnOptions,,,,0:catchrelease_lampsOut:Cut power to the lamps,
catchrelease_lampWarnOptRefuse,CatchReleaseLampWarnOptions,,,,10:catchrelease_lampRefuse:Refuse and cut the comm link,
catchrelease_lampFineOptPay,CatchReleaseLampFineOptions,,DoCanAffordCheck $entity.catchrelease_lampFine catchrelease_lampPayFine,,0:catchrelease_lampPayFine:Pay the fine and cut the lamps ($entity.catchrelease_lampFineDGS credits),
catchrelease_lampFineOptTalk,CatchReleaseLampFineOptions,,"SetStoryOption catchrelease_lampTalk 1 avoidCargoScan ui_char_spent_story_point ""Talked your way out of a fine""",,5:catchrelease_lampTalk:Talk your way out of it,
catchrelease_lampFineOptRefuse,CatchReleaseLampFineOptions,,,,10:catchrelease_lampRefuse:Refuse and cut the comm link,
catchrelease_lampScanOptSubmit,CatchReleaseLampScanOptions,,,,0:catchrelease_lampInspect:Submit to inspection (all catch aboard will be seized),
catchrelease_lampScanOptTalk,CatchReleaseLampScanOptions,,"SetStoryOption catchrelease_lampTalk 1 avoidCargoScan ui_char_spent_story_point ""Talked your way out of an inspection""",,5:catchrelease_lampTalk:Talk your way out of it,
catchrelease_lampScanOptRefuse,CatchReleaseLampScanOptions,,,,10:catchrelease_lampRefuse:Refuse and cut the comm link,
catchrelease_lampsOutSel,DialogOptionSelected,$option == catchrelease_lampsOut,"CatchReleaseCMD lampsOff
MakeOtherFleetPreventDisengage catchreleaseLamps false
unset $entity.catchrelease_lampConv
ShowDefaultVisual
FireAll CatchReleaseFleetResolutionOptions","The lamps go dark. ""Logged."" The link closes.",,
catchrelease_lampPaySel,DialogOptionSelected,$option == catchrelease_lampPayFine,"AddRemoveCommodity credits -$entity.catchrelease_lampFine true
CatchReleaseCMD lampsOff
MakeOtherFleetPreventDisengage catchreleaseLamps false
unset $entity.catchrelease_lampConv
ShowDefaultVisual
FireAll CatchReleaseFleetResolutionOptions","The transfer clears and the lamps go dark.

""Filed.""",,
catchrelease_lampTalkSel,DialogOptionSelected,$option == catchrelease_lampTalk,"CatchReleaseCMD lampsOff
CatchReleaseCMD lampForgive
MakeOtherFleetPreventDisengage catchreleaseLamps false
unset $entity.catchrelease_lampConv
ShowDefaultVisual
FireAll CatchReleaseFleetResolutionOptions","You shut down the lamps and ask $PersonRank $personName to reconsider the incident as survey work. It takes a lengthy discussion of operating limits and a carefully chosen description of the equipment.

Eventually the incident is reclassified.

""Keep it away from inhabited approaches, captain.""",,
catchrelease_lampInspectSel,DialogOptionSelected,$option == catchrelease_lampInspect,"CatchReleaseCMD lampsOff
MakeOtherFleetPreventDisengage catchreleaseLamps false
unset $entity.catchrelease_lampConv","Your lamps go dark.

A shuttle crosses. For the better part of an hour there are strangers in the hold with lists.",0:catchrelease_lampSeized:Continue,
catchrelease_lampSeizedSel,DialogOptionSelected,$option == catchrelease_lampSeized,FireBest CatchReleaseLampSeized,,,
catchrelease_lampSeizedFull,CatchReleaseLampSeized,$entity.catchrelease_lampHaul score:10,"CatchReleaseCMD seizeFish
ShowDefaultVisual
FireAll CatchReleaseFleetResolutionOptions","The patrol inventory team removes all catch aboard, including packed crates.

When the transfer manifest clears, $PersonRank $personName signs it. ""That will be all.""",,
catchrelease_lampSeizedEmpty,CatchReleaseLampSeized,!$entity.catchrelease_lampHaul,"CatchReleaseCMD seizeFish
ShowDefaultVisual
FireAll CatchReleaseFleetResolutionOptions","The inspection finds handling racks, tanks and fishing equipment, but no catch.

""Nothing to seize."" $PersonRank $personName signs the empty return. ""Go.""",,
catchrelease_lampRefuseSel,DialogOptionSelected,$option == catchrelease_lampRefuse,"CatchReleaseCMD lampRefused
MakeOtherFleetHostile catchreleaseLamps true 5
MakeOtherFleetAggressive catchreleaseLamps true 5
$entity.ignorePlayerCommRequests = true 0
unset $entity.catchrelease_lampConv
ShowDefaultVisual
FireAll CatchReleaseFleetResolutionOptions","You refuse the order and cut the link.

Weapons come up across the formation.",,
,,,,,,
# camped rupture job: pirates,,,,,,
catchrelease_campPirate_contactGreeting,catchreleaseJobGreeting,$missionId == catchrelease_campPirate score:100,,"""Captain. Please tell me you're calling about the pirates.""

The fisher pushes an account sheet aside.

""I've got another payment due and no intention of making it.""",,
catchrelease_campPirate_blurbBar,catchrelease_campPirate_blurbBar,,,A fisher is moving repair charges between columns on an account sheet. One recurring payment is larger than the rest combined.,,
catchrelease_campPirate_optionBar,catchrelease_campPirate_optionBar,,,,catchrelease_campPirate_ask:Ask the fisher about the account sheet,
catchrelease_campPirate_ask,DialogOptionSelected,$option == catchrelease_campPirate_ask,"CatchReleaseCMD highlightJobText $catchreleaseCampMany $catchreleaseAsk $catchreleaseReward
Call $catchrelease_jobRef showRewardDetails
Call $catchrelease_jobRef showRemoteMap ""Target: $catchreleaseCampWhere""","""They called the first payment protection. I paid it. Then they wanted more because we were still fishing.""

The fisher shows you $catchreleaseCampMany at a rupture in $catchreleaseCampWhere.

""They're charging me to work the spot that pays them. I can't keep doing it.""

""Get them away from there. Pay them, talk them round, shoot them if that's what it takes. I need the rupture clear.""

""And bring me $catchreleaseAsk from that exact spot. It has to be caught after we make the deal, with the retrieval record intact.""

""$catchreleaseDeadline I'll pay $catchreleaseReward when they're gone and you've brought the catch.""","catchrelease_jobAccept:Agree to clear the spot.
catchrelease_jobDecline:Decline.",
catchrelease_campPirate_accepted,catchreleaseJobAccepted,$missionId == catchrelease_campPirate,,"The camp coordinates and pirate transponder codes are transferred.

""Whatever gets them off it. Just don't leave me owing them afterward.""",,
catchrelease_campPirate_declined,catchreleaseJobDeclined,$missionId == catchrelease_campPirate,,The fisher closes the job entry and moves another maintenance payment into next month.,,
catchrelease_campPirate_remindCamp,catchreleaseJobRemind,"$missionId == catchrelease_campPirate score:100
!$catchreleaseCampCleared","Call $catchrelease_jobRef showRemoteMap ""Target: $catchreleaseCampWhere""","""Still there. Still sending invoices.""

The fisher brings up the job. ""$catchreleaseDeadlineLeft""",,
catchrelease_campPirate_remindFish,catchreleaseJobRemind,"$missionId == catchrelease_campPirate score:100
$catchreleaseCampCleared","CatchReleaseCMD highlightJobText $catchreleaseAsk
Call $catchrelease_jobRef showRemoteMap ""Target: $catchreleaseCampWhere""","""They're gone. Good.""

The fisher taps the rupture marker.

""Now I need $catchreleaseAsk from that spot. Caught since you took the job, not some old cargo. $catchreleaseDeadlineLeft""",,
catchrelease_campPirate_paid,catchreleaseJobPaid,"$missionId == catchrelease_campPirate
$catchreleasePaid",CatchReleaseCMD highlightJobText $catchreleaseReward,"$HeOrShe checks the retrieval record, then deletes the protection payment from next month's accounts.

""Good. Boats go back out next shift.""",,
,,,,,,
# camped rupture job: mercenaries,,,,,,
catchrelease_campMerc_contactGreeting,catchreleaseJobGreeting,$missionId == catchrelease_campMerc score:100,,"""Captain. Any progress?""

The fisher closes a message from the claims office.

""They've asked for my original chart again. I've sent it four times.""",,
catchrelease_campMerc_blurbBar,catchrelease_campMerc_blurbBar,,,A fisher has two survey charts open beside a rejected claim form. The disputed boundary occupies a different place on each chart.,,
catchrelease_campMerc_optionBar,catchrelease_campMerc_optionBar,,,,catchrelease_campMerc_ask:Ask the fisher with the survey charts about the claim,
catchrelease_campMerc_ask,DialogOptionSelected,$option == catchrelease_campMerc_ask,"CatchReleaseCMD highlightJobText $catchreleaseCampMany $catchreleaseAsk $catchreleaseReward
Call $catchrelease_jobRef showRewardDetails
Call $catchrelease_jobRef showRemoteMap ""Target: $catchreleaseCampWhere""","The fisher overlays two survey charts. The same rupture sits on opposite sides of a lease boundary.

""My filed chart. Their new survey. Guess which one the security contractor is using.""

The traffic record shows $catchreleaseCampMany holding at the disputed site in $catchreleaseCampWhere.

""The claims office won't decide while there are hired guns on the marker. The hired guns won't move until the office decides. I'd like you to interrupt that arrangement.""

""Get them off the rupture, then bring me $catchreleaseAsk from that exact spot. Any qualifying catch taken after we agree the job. I need the retrieval record for the claim.""

""$catchreleaseDeadline The payment is $catchreleaseReward, once the site is clear and the catch is here.""","catchrelease_jobAccept:Agree to move them off.
catchrelease_jobDecline:Decline.",
catchrelease_campMerc_accepted,catchreleaseJobAccepted,$missionId == catchrelease_campMerc,,"""Try talking to them first. They're being paid to sit there; they may be willing to be paid to leave.""

The fisher sends both charts and the fleet code.

""I'd prefer to get this settled without more wreckage in the claim area.""",,
catchrelease_campMerc_declined,catchreleaseJobDeclined,$missionId == catchrelease_campMerc,,$HeOrShe returns to the claim form and attaches the second survey chart again.,,
catchrelease_campMerc_remindCamp,catchreleaseJobRemind,"$missionId == catchrelease_campMerc score:100
!$catchreleaseCampCleared","Call $catchrelease_jobRef showRemoteMap ""Target: $catchreleaseCampWhere""","""No change. They've got guns, I've got a case number.""

The fisher brings up your agreement. ""$catchreleaseDeadlineLeft""",,
catchrelease_campMerc_remindFish,catchreleaseJobRemind,"$missionId == catchrelease_campMerc score:100
$catchreleaseCampCleared","CatchReleaseCMD highlightJobText $catchreleaseAsk
Call $catchrelease_jobRef showRemoteMap ""Target: $catchreleaseCampWhere""","""The exclusion notice is down. Now I need the retrieval record.""

The fisher marks the rupture again. ""$catchreleaseAsk, from that exact spot since you took the job. $catchreleaseDeadlineLeft""",,
catchrelease_campMerc_paid,catchreleaseJobPaid,"$missionId == catchrelease_campMerc
$catchreleasePaid",CatchReleaseCMD highlightJobText $catchreleaseReward,"$HeOrShe attaches the retrieval record to the claim. The disputed boundary disappears from $hisOrHer working chart.

""That's evidence I can use.""",,
,,,,,,
# camped rupture job: pathers,,,,,,
catchrelease_campPath_contactGreeting,catchreleaseJobGreeting,$missionId == catchrelease_campPath score:100,,"The fisher answers after checking the doorway.

""Captain. Have they gone?""

The repaired rack component is still beside the comm unit.",,
catchrelease_campPath_blurbBar,catchrelease_campPath_blurbBar,,,A fisher sits with the door in view. A scorched drone-rack isolator rests on the table beside an untouched drink.,,
catchrelease_campPath_blurbBarHegemony,catchrelease_campPath_blurbBar,$faction.id == hegemony score:10,,"A licensed fisher sits facing the door with a damaged power coupler beside the licence slate. Each time the door opens, the inspection of the coupler stops.",,
catchrelease_campPath_blurbBarIndependent,catchrelease_campPath_blurbBar,$faction.id == independent score:10,,A fisher is turning a burnt drone-rack relay over in both hands. The seat chosen gives a clear view of the door.,,
catchrelease_campPath_optionBar,catchrelease_campPath_optionBar,,,,catchrelease_campPath_ask:Ask the fisher about the damaged equipment,
catchrelease_campPath_ask,DialogOptionSelected,$option == catchrelease_campPath_ask,"CatchReleaseCMD highlightJobText $catchreleaseCampMany $catchreleaseAsk $catchreleaseReward
Call $catchrelease_jobRef showRewardDetails
Call $catchrelease_jobRef showRemoteMap ""Target: $catchreleaseCampWhere""","""Pathers. They came to preach. Then they cut power to the drone rack.""

The fisher puts a burnt component on the table.

""One of them stood on the launch gantry yesterday and said we were feeding Moloch through a wound in creation. Said the next time we worked the rupture, they'd bring rifles.""

The transponder record shows $catchreleaseCampMany in $catchreleaseCampWhere.

""Get them away from the boats. I don't care how.""

""Bring me $catchreleaseAsk from the same rupture, too. It has to be a catch from after we agree the job. I want to know the spot can still be worked before I send anyone back.""

""$catchreleaseDeadline I'll pay $catchreleaseReward when they're gone and you've brought it in.""","catchrelease_jobAccept:Agree to clear the spot.
catchrelease_jobDecline:Decline.",
catchrelease_campPath_accepted,catchreleaseJobAccepted,$missionId == catchrelease_campPath,,"The fisher checks the door before sending the camp coordinates and transponder record.

""How you move them is your business. Just get them away from the boats.""",,
catchrelease_campPath_declined,catchreleaseJobDeclined,$missionId == catchrelease_campPath,,The fisher nods and deletes the transfer request. The damaged component goes back into a tool bag.,,
catchrelease_campPath_remindCamp,catchreleaseJobRemind,"$missionId == catchrelease_campPath score:100
!$catchreleaseCampCleared","Call $catchrelease_jobRef showRemoteMap ""Target: $catchreleaseCampWhere""","""The rack's repaired. Nobody will take a boat out while they're there.""

The fisher checks your agreement. ""$catchreleaseDeadlineLeft""",,
catchrelease_campPath_remindFish,catchreleaseJobRemind,"$missionId == catchrelease_campPath score:100
$catchreleaseCampCleared","CatchReleaseCMD highlightJobText $catchreleaseAsk
Call $catchrelease_jobRef showRemoteMap ""Target: $catchreleaseCampWhere""","""I've had word they left.""

The fisher looks at the repaired component, then back to you.

""Bring me $catchreleaseAsk from that rupture, caught since you took the job. I'd like to see it before the boats go out. $catchreleaseDeadlineLeft""",,
catchrelease_campPath_paid,catchreleaseJobPaid,"$missionId == catchrelease_campPath
$catchreleasePaid",CatchReleaseCMD highlightJobText $catchreleaseReward,"The fisher checks the retrieval record and sends a launch order to the waiting boats.

Someone at the yard is already signing off the repaired rack.",,
,,,,,,
# camped rupture encounters,,,,,,
catchrelease_campEncounter,BeginFleetEncounter,"$catchrelease_campFleet score:1000
!$catchrelease_campCleared","FleetDesc
HailPlayer",,,
catchrelease_campFirstHailPirate,OpenCommLink,"$entity.catchreleaseCampWho == pirates
$entity.catchrelease_campFleet
!$entity.catchrelease_campWarned score:1020","$entity.catchrelease_campWarned = true
Highlight $entity.catchrelease_campBribeDGS
FireAll CatchReleaseCampOptions","""This spot's off limits.""

The pirate glances toward the rupture. ""We found it empty. Now it isn't.
Turn around, or transfer $entity.catchrelease_campBribeDGS credits and we'll find another quiet place.""",,
catchrelease_campFirstHailMerc,OpenCommLink,"$entity.catchreleaseCampWho == mercenaries
$entity.catchrelease_campFleet
!$entity.catchrelease_campWarned score:1020","$entity.catchrelease_campWarned = true
Highlight $entity.catchrelease_campBribeDGS
FireAll CatchReleaseCampOptions","""You are entering a contracted exclusion zone. Alter course.""

$PersonRank $personName sends a file number.

""If you've come about the fishing, the relocation price is $entity.catchrelease_campBribeDGS credits. Otherwise there's nothing to discuss.""",,
catchrelease_campFirstHailPath,OpenCommLink,"$entity.catchreleaseCampWho == pathers
$entity.catchrelease_campFleet
!$entity.catchrelease_campWarned score:1020","$entity.catchrelease_campWarned = true
Highlight $entity.catchrelease_campBribeDGS
FireAll CatchReleaseCampOptions","The $manOrWoman on the screen is already shouting before the link stabilizes.

""Back! Keep that machine away from the rupture!""

Someone behind $himOrHer raises a weapon.

""You lower Moloch's iron into places no human hand should reach, scratch at God's creation for meat and coin, and call it fishing!""

The payment figure appears.

""$entity.catchrelease_campBribeDGS credits and we leave. Do not mistake that for permission.""",,
catchrelease_campHail,OpenCommLink,$entity.catchrelease_campFleet score:1000,"Highlight $entity.catchrelease_campBribeDGS
FireAll CatchReleaseCampOptions","""You've come about the fishing spot.""

Whoever answers checks your fleet before continuing. ""We're using it. You want us somewhere else, $entity.catchrelease_campBribeDGS credits makes somewhere else worth the trouble.""",,
catchrelease_campHailPirate,OpenCommLink,"$entity.catchreleaseCampWho == pirates
$entity.catchrelease_campFleet score:1010","Highlight $entity.catchrelease_campBribeDGS
FireAll CatchReleaseCampOptions","""Well. Somebody actually came out.""

The pirate looks toward the rupture. ""Nice bit of empty space. No patrols, no customs, no traffic unless somebody wants the fishing.""

""$entity.catchrelease_campBribeDGS buys us another quiet place. Otherwise this one's occupied.""",,
catchrelease_campHailMerc,OpenCommLink,"$entity.catchreleaseCampWho == mercenaries
$entity.catchrelease_campFleet score:1010","Highlight $entity.catchrelease_campBribeDGS
FireAll CatchReleaseCampOptions","""Our contract is to deny access to the site. The client's name is confidential.""

$PersonRank $personName sends you the relocation clause.

""$entity.catchrelease_campBribeDGS credits. At that price I can justify leaving. Below it, I'm being paid to stay.""",,
catchrelease_campHailPath,OpenCommLink,"$entity.catchreleaseCampWho == pathers
$entity.catchrelease_campFleet score:1010","Highlight $entity.catchrelease_campBribeDGS
FireAll CatchReleaseCampOptions","The $manOrWoman on the screen is standing now. Somebody behind $himOrHer is shouting over a weapon check.

""You came back for the fishing.""

$HeOrShe points toward the rupture.

""We have watched crews bring their machines here and lower them into places no human hand should reach. You claw at God's work for appetite and coin, then call it a trade.""

The payment figure appears.

""$entity.catchrelease_campBribeDGS credits buys our absence. It does not make you clean.""",,
catchrelease_campOptPay,CatchReleaseCampOptions,,DoCanAffordCheck $entity.catchrelease_campBribe catchrelease_campPay,,0:catchrelease_campPay:Pay them to move on ($entity.catchrelease_campBribeDGS credits),
catchrelease_campOptScare,CatchReleaseCampOptions,,"SetStoryOption catchrelease_campScare 1 avoidCargoScan ui_char_spent_story_point ""Talked a fleet off a fishing spot""",,5:catchrelease_campScare:Convince them to move on,
catchrelease_campOptLeave,CatchReleaseCampOptions,,,,100:cutCommLinkNoText:Cut the comm link,
catchrelease_campPaySel,DialogOptionSelected,$option == catchrelease_campPay,"AddRemoveCommodity credits -$entity.catchrelease_campBribe true
$entity.catchrelease_campCleared = true
MakeOtherFleetGoAway true
ShowDefaultVisual
FireAll CatchReleaseFleetResolutionOptions",The transfer clears. The formation begins to come about.,,
catchrelease_campScareSel,DialogOptionSelected,$option == catchrelease_campScare,"$entity.catchrelease_campCleared = true
MakeOtherFleetGoAway true
ShowDefaultVisual
FireAll CatchReleaseFleetResolutionOptions","You ask how long they intend to hold a fixed position that every displaced fishing crew knows about. Your fleet has found them. Other captains can do the same, and sooner or later one will prefer shooting to negotiation.

There is a pause while the person on the screen confers with someone out of view.

""We were moving on anyway.""

The formation begins to come about.",,
,,,,,,
# distress call framework,,,,,,
distress_framework_hail,BeginFleetEncounter,"$distressFramework score:1300
!$isHostile
!$distressNoHail","AddText ""You're being hailed."" $faction.baseColor
$hailing = true 0",,,
distress_framework_open,OpenCommLink,"$entity.distressFramework score:1700
!$entity.isHostile",Call $entity.distressFrameworkRef open,,,
catchrelease_distressFleetQuestPitch,CatchReleaseDistressFleetQuest,"$entity.distressFramework
$entity.catchrelease_fleetQuest
!$entity.catchrelease_fleetQuestTaken
!$entity.isHostile",FireBest CatchReleaseFleetQuestOffer,,,
catchrelease_introYouWereAboard,DialogOptionSelected,$option == catchrelease_introYouWereAboard,,"""Yes, Captain, you did.""

He moves the rupture marker into the centre of the display. ""Have you had a look at the fishing here yet?""","catchrelease_introPressLocation:That does not answer the question.
catchrelease_introWhyHere:About the fish...
catchrelease_fisherBack:Let it go.",
catchrelease_introWhyHere,DialogOptionSelected,"$option == catchrelease_introWhyHere
CatchReleaseCMD tokens",CatchReleaseCMD highlightIntroText $catchreleaseTarget,"""Because you'll be fishing in places like this. I'd sooner you had some practice before you took work farther out.""

He brings up your request. ""In thin fabric, your catch may have trouble holding its shape, even with the ROD working properly. Don't start dismantling the equipment because you've brought something strange aboard. Bring me the $catchreleaseTarget and let me have a look at it first.""","catchrelease_introThinCrew:Can it affect my crew?
catchrelease_fisherBack:All right. I'll get on with it.",
catchrelease_introThinCrew,DialogOptionSelected,$option == catchrelease_introThinCrew,,"""Yes. Keep the trip short.""

He checks the local plot again. ""You've got the equipment you need, and you know what you're after. Make the catch and move on. If the crew start giving you cause for concern, leave the fish.""","catchrelease_introWhyHere:Go over the catch again.
catchrelease_fisherBack:Return to other business.",
catchrelease_standingOrder_substitutions,DialogOptionSelected,$option == catchrelease_standingOrder_substitutions,,"""The order tells you what I can accept. If it names a species, that's what the kitchen wants. If it doesn't, I have room to choose.""

The provisioner brings the request back up. ""Same with size, condition and how it was caught. Check those before you go fishing.""","catchrelease_jobAccept:Take the order.
catchrelease_jobDecline:Decline.",
catchrelease_chef_dish,DialogOptionSelected,$option == catchrelease_chef_dish,,"""Because it's on the menu. People have booked tables for it. One of them has already told me how it ought to be prepared.""

The chef folds the ingredient list toward you. ""I'd rather give them the dish than an explanation. Can you get the catch?""","catchrelease_jobAccept:Take the order.
catchrelease_jobDecline:Decline.",
catchrelease_startup_estimates,DialogOptionSelected,$option == catchrelease_startup_estimates,,"""Precisely."" The factor smiles. ""Even with conservative estimates.""","catchrelease_startup_customers:Have any of them agreed to buy?
catchrelease_startup_back:Go over the rest of the proposal.",
catchrelease_startup_customers,DialogOptionSelected,$option == catchrelease_startup_customers,,"""I've spoken to people who buy catch. I know what they're paying. The interest is there.""

The factor returns to the figures. ""But I can't ask someone to commit to a supply arrangement before I've established the supply. That's where you come in.""","catchrelease_startup_operations:And the deliveries?
catchrelease_startup_back:Go over the rest of the proposal.",
catchrelease_startup_costs,DialogOptionSelected,$option == catchrelease_startup_costs,,"""I have estimates. Actual costs depend on the consignment, which is why we need to make a start.""

The factor enlarges the first shipment on the diagram. ""I can hardly make sensible decisions about everything in advance.""",catchrelease_startup_back:Go over the rest of the proposal.,
catchrelease_startup_back,DialogOptionSelected,$option == catchrelease_startup_back,"$menuState = catchreleaseStartupOffer 0
FireAll JobSpecificOptions",,,
catchrelease_curator_comparison,DialogOptionSelected,$option == catchrelease_curator_comparison,,"""Measurements, images, retrieval conditions. Visitors see the display specimens; the records let us compare those with catches that are harder to keep in a tank.""

The curator returns to the acquisition list. ""Either sort is useful. You can bring a mixture or fill the whole order with one kind. I have gaps in both collections.""","catchrelease_jobAccept:Agree to supply the collection.
catchrelease_jobDecline:Decline.",
catchrelease_academy_research,DialogOptionSelected,$option == catchrelease_academy_research,,"""Coherence, returned mass, structural variance. Then the same measurements again, with the instruments recalibrated.""

The researcher shows you a pair of readings from one specimen. ""These disagree. I need more examples before I can say anything useful about why. A colleague suggested discarding the first reading, which would make the table look much better and tell us absolutely nothing.""","catchrelease_jobAccept:Take the research commission.
catchrelease_jobDecline:Decline.",
catchrelease_tuber_followup,DialogOptionSelected,$option == catchrelease_tuber_followup,,"""Something low-coherence. First we show them a good specimen, so they know what they're looking at. Then we show them the one they won't agree about.""

The TriTuber frames an imaginary container between both hands. ""Two reveals. Two sponsor slots. You'll get the second order and its payment offer when you deliver the first.""","catchrelease_tuber_camera:Are you recording this conversation?
catchrelease_jobAccept:Agree to supply both specimens.
catchrelease_jobDecline:Decline.",
catchrelease_tuber_camera,DialogOptionSelected,$option == catchrelease_tuber_camera,,"""Of course. People want to see how these things happen.""

The TriTuber checks the picture. ""We can use the part where you asked that. It's a good opening. Makes it feel less arranged.""","catchrelease_tuber_followup:What sort of follow-up are you planning?
catchrelease_jobAccept:Agree to supply both specimens.
catchrelease_jobDecline:Decline.",
catchrelease_introContinuityOption,CatchReleaseIntroContinuityOption,$catchreleaseContinuityQuestionAvailable,,,-10:catchrelease_intro_fourJumps:I just left you in another system.,
catchrelease_fq_last_entry_offerOptionsExtraQuestion,CatchReleaseFleetQuestOfferOptions,"$entity.catchrelease_fleetQuestType == last_entry
!$entity.catchrelease_fqExtraQuestionAsked",,,8:catchrelease_fqExtraQuestion:Why not leave that entry out?,
catchrelease_fq_last_entry_extraQuestion,CatchReleaseFleetQuestExtraQuestionText,$entity.catchrelease_fleetQuestType == last_entry,,"""Because then it isn't a complete survey. We'd lose the classification, explain the omission, and still have an expense claim for the time spent trying to fill it.""

The officer closes the filing instructions. ""I'd rather finish the entry. So would the captain.""",,
catchrelease_fq_interment_offerOptionsExtraQuestion,CatchReleaseFleetQuestOfferOptions,"$entity.catchrelease_fleetQuestType == interment
!$entity.catchrelease_fqExtraQuestionAsked",,,8:catchrelease_fqExtraQuestion:What was your colleague like?,
catchrelease_fq_interment_extraQuestion,CatchReleaseFleetQuestExtraQuestionText,$entity.catchrelease_fleetQuestType == interment,,"""Good company on a long passage. Thorough about the work. Thorough about other people's work, too, which could be less welcome.""

The convoy master looks back at the will. ""They would have checked this clause before departure. I should have done the same.""",,
catchrelease_introAskTackleOptionRead,ShopIntroQuestions,$catchrelease_introAskedTackle,SetOptionColor catchrelease_introAskTackle gray,,50:catchrelease_introAskTackle:What are modifiers?,
catchrelease_introAskUpgradeOptionRead,ShopIntroQuestions,$catchrelease_introAskedUpgrade,SetOptionColor catchrelease_introAskUpgrade gray,,50:catchrelease_introAskUpgrade:What is an upgrade?,
catchrelease_introAskWhereOptionRead,ShopIntroQuestions,$catchrelease_introAskedWhere,SetOptionColor catchrelease_introAskWhere gray,,50:catchrelease_introAskWhere:Where can I find schematics?,
catchrelease_introDeepQuestionsLightRead,CatchReleaseIntroDeepQuestions,$catchreleaseIntroLightAsked,SetOptionColor catchrelease_introLightQuestion gray,,50:catchrelease_introLightQuestion:The lights make a rupture?,
catchrelease_introDeepQuestionsHarpoonRead,CatchReleaseIntroDeepQuestions,$catchreleaseIntroHarpoonAsked,SetOptionColor catchrelease_introHarpoonQuestion gray,,50:catchrelease_introHarpoonQuestion:And the line behind the harpoon?,
catchrelease_introDeepQuestionsWeaponRead,CatchReleaseIntroDeepQuestions,$catchreleaseIntroWeaponAsked,SetOptionColor catchrelease_introWeaponQuestion gray,,50:catchrelease_introWeaponQuestion:This is a weapon.,
